Well,Sample ID,Peak ID,Size (bp),% (Conc.) (ng/uL),nmole/L,ng/ul,RFU,TIC (ng/ul),TIM (nmole/L),Total Conc. (ng/ul)
A1,2N:30s,1,1,,118.7568,0.0569,484,20.1099,2417.1255,19.6087
A1,2N:30s,2,11,4.7,257.8192,0.9499,561,20.1099,2417.1255,19.6087
A1,2N:30s,3,14,20.4,882.6762,4.1009,2267,20.1099,2417.1255,19.6087
A1,2N:30s,4,18,5.8,197.8125,1.1726,714,20.1099,2417.1255,19.6087
A1,2N:30s,5,20,7.5,219.4496,1.5119,745,20.1099,2417.1255,19.6087
A1,2N:30s,6,24,8.0,196.7063,1.6074,608,20.1099,2417.1255,19.6087
A1,2N:30s,7,34,22.6,399.1331,4.5407,1433,20.1099,2417.1255,19.6087
A1,2N:30s,8,66,5.7,56.2808,1.1453,500,20.1099,2417.1255,19.6087
A1,2N:30s,9,77,25.3,207.2479,5.0811,4139,20.1099,2417.1255,19.6087
A1,2N:30s,,,,,,,20.1099,2417.1255,19.6087
A2,2N:45s,1,1,,118.7568,0.0569,540,16.7097,2040.3322,16.2726
A2,2N:45s,2,11,4.4,199.6135,0.7355,504,16.7097,2040.3322,16.2726
A2,2N:45s,3,13,17.9,690.9963,2.9889,1798,16.7097,2040.3322,16.2726
A2,2N:45s,4,17,6.0,177.6302,0.9961,690,16.7097,2040.3322,16.2726
A2,2N:45s,5,19,8.0,202.4635,1.3300,734,16.7097,2040.3322,16.2726
A2,2N:45s,6,23,8.4,177.8211,1.3961,588,16.7097,2040.3322,16.2726
A2,2N:45s,7,32,22.3,347.6920,3.7326,1332,16.7097,2040.3322,16.2726
A2,2N:45s,8,62,6.1,52.7227,1.0222,503,16.7097,2040.3322,16.2726
A2,2N:45s,9,74,27.0,191.3928,4.5084,4105,16.7097,2040.3322,16.2726
A2,2N:45s,,,,,,,16.7097,2040.3322,16.2726
A3,2N:1min,1,1,,118.7568,0.0569,541,16.3939,1995.9000,16.0576
A3,2N:1min,2,11,4.6,203.2188,0.7488,541,16.3939,1995.9000,16.0576
A3,2N:1min,3,13,17.9,678.7367,2.9359,1811,16.3939,1995.9000,16.0576
A3,2N:1min,4,19,13.7,360.0631,2.2499,774,16.3939,1995.9000,16.0576
A3,2N:1min,5,24,8.4,175.2962,1.3763,608,16.3939,1995.9000,16.0576
A3,2N:1min,6,32,22.5,344.1450,3.6946,1330,16.3939,1995.9000,16.0576
A3,2N:1min,7,63,6.0,50.1390,0.9882,517,16.3939,1995.9000,16.0576
A3,2N:1min,8,75,26.8,184.3011,4.4004,4239,16.3939,1995.9000,16.0576
A3,2N:1min,,,,,,,16.3939,1995.9000,16.0576
A4,2N:2min,1,1,,118.7568,0.0569,578,16.4506,1914.7677,16.0008
A4,2N:2min,2,11,4.4,196.8935,0.7255,540,16.4506,1914.7677,16.0008
A4,2N:2min,3,13,16.1,569.3330,2.6451,1612,16.4506,1914.7677,16.0008
A4,2N:2min,4,17,6.9,201.8488,1.1319,777,16.4506,1914.7677,16.0008
A4,2N:2min,5,20,7.6,191.1989,1.2560,793,16.4506,1914.7677,16.0008
A4,2N:2min,6,24,8.5,178.7137,1.4031,643,16.4506,1914.7677,16.0008
A4,2N:2min,7,32,22.7,337.1682,3.7277,1308,16.4506,1914.7677,16.0008
A4,2N:2min,8,65,6.3,52.6846,1.0384,561,16.4506,1914.7677,16.0008
A4,2N:2min,9,76,27.5,186.9270,4.5230,4524,16.4506,1914.7677,16.0008
A4,2N:2min,,,,,,,16.4506,1914.7677,16.0008
A5,2N:3min,1,1,,118.7568,0.0569,631,15.3078,1885.0032,14.8704
A5,2N:3min,2,11,4.3,196.1694,0.6599,552,15.3078,1885.0032,14.8704
A5,2N:3min,3,13,15.3,541.0872,2.3405,1541,15.3078,1885.0032,14.8704
A5,2N:3min,4,17,6.3,183.4548,0.9699,784,15.3078,1885.0032,14.8704
A5,2N:3min,5,19,8.7,212.7293,1.3292,837,15.3078,1885.0032,14.8704
A5,2N:3min,6,23,9.0,182.2220,1.3722,676,15.3078,1885.0032,14.8704
A5,2N:3min,7,30,22.8,335.4087,3.4933,1366,15.3078,1885.0032,14.8704
A5,2N:3min,8,61,6.4,52.2552,0.9797,567,15.3078,1885.0032,14.8704
A5,2N:3min,9,71,27.2,181.6765,4.1630,4516,15.3078,1885.0032,14.8704
A5,2N:3min,,,,,,,15.3078,1885.0032,14.8704
A6,2N:5min,1,1,,118.7568,0.0569,602,15.6322,1885.5612,15.1769
A6,2N:5min,2,11,4.3,184.1615,0.6785,571,15.6322,1885.5612,15.1769
A6,2N:5min,3,13,14.8,533.6671,2.3084,1494,15.6322,1885.5612,15.1769
A6,2N:5min,4,17,6.5,191.8592,1.0144,832,15.6322,1885.5612,15.1769
A6,2N:5min,5,19,8.3,206.6940,1.2915,873,15.6322,1885.5612,15.1769
A6,2N:5min,6,23,9.7,200.7149,1.5115,737,15.6322,1885.5612,15.1769
A6,2N:5min,7,31,23.0,334.4851,3.5909,1349,15.6322,1885.5612,15.1769
A6,2N:5min,8,62,6.4,51.8498,1.0053,594,15.6322,1885.5612,15.1769
A6,2N:5min,9,73,27.1,182.1295,4.2318,4699,15.6322,1885.5612,15.1769
A6,2N:5min,,,,,,,15.6322,1885.5612,15.1769
A7,2N:7min,1,1,,118.7568,0.0569,591,15.5910,1902.0270,15.1271
A7,2N:7min,2,11,4.2,196.9214,0.6624,540,15.5910,1902.0270,15.1271
A7,2N:7min,3,13,13.9,501.3362,2.1685,1372,15.5910,1902.0270,15.1271
A7,2N:7min,4,17,7.2,212.4060,1.1230,802,15.5910,1902.0270,15.1271
A7,2N:7min,5,19,8.4,208.4019,1.3022,856,15.5910,1902.0270,15.1271
A7,2N:7min,6,22,9.6,198.0723,1.4916,740,15.5910,1902.0270,15.1271
A7,2N:7min,7,30,22.9,342.1279,3.5633,1271,15.5910,1902.0270,15.1271
A7,2N:7min,8,60,6.4,53.2890,0.9991,579,15.5910,1902.0270,15.1271
A7,2N:7min,9,71,27.5,189.4723,4.2809,4560,15.5910,1902.0270,15.1271
A7,2N:7min,,,,,,,15.5910,1902.0270,15.1271
A8,2N:10min,1,1,,118.7568,0.0569,598,16.2547,1887.3473,15.7170
A8,2N:10min,2,11,4.1,180.9618,0.6668,524,16.2547,1887.3473,15.7170
A8,2N:10min,3,13,13.7,516.7040,2.2350,1282,16.2547,1887.3473,15.7170
A8,2N:10min,4,17,7.0,203.3778,1.1404,787,16.2547,1887.3473,15.7170
A8,2N:10min,5,19,7.6,188.1337,1.2359,828,16.2547,1887.3473,15.7170
A8,2N:10min,6,23,10.6,220.0773,1.7278,782,16.2547,1887.3473,15.7170
A8,2N:10min,7,31,16.7,260.4857,2.7130,1201,16.2547,1887.3473,15.7170
A8,2N:10min,8,38,6.5,78.9212,1.0496,548,16.2547,1887.3473,15.7170
A8,2N:10min,9,64,6.2,51.0305,1.0058,580,16.2547,1887.3473,15.7170
A8,2N:10min,10,75,27.6,187.6552,4.4805,4592,16.2547,1887.3473,15.7170
A8,2N:10min,,,,,,,16.2547,1887.3473,15.7170
A9,2N:15min,1,1,,118.7568,0.0569,589,15.9850,1916.0358,15.5573
A9,2N:15min,2,11,4.4,189.6596,0.6988,552,15.9850,1916.0358,15.5573
A9,2N:15min,3,13,13.2,487.4447,2.1084,1227,15.9850,1916.0358,15.5573
A9,2N:15min,4,18,14.1,401.0127,2.2487,857,15.9850,1916.0358,15.5573
A9,2N:15min,5,23,10.9,232.3677,1.7498,876,15.9850,1916.0358,15.5573
A9,2N:15min,6,29,15.9,259.6870,2.5382,1095,15.9850,1916.0358,15.5573
A9,2N:15min,7,37,7.1,91.6318,1.1306,635,15.9850,1916.0358,15.5573
A9,2N:15min,8,59,6.5,56.0692,1.0332,587,15.9850,1916.0358,15.5573
A9,2N:15min,9,71,28.0,198.1630,4.4773,4564,15.9850,1916.0358,15.5573
A9,2N:15min,,,,,,,15.9850,1916.0358,15.5573
A10,2N:20min,1,1,,118.7568,0.0569,610,15.7595,1863.7688,15.2589
A10,2N:20min,2,11,4.0,186.1438,0.6262,519,15.7595,1863.7688,15.2589
A10,2N:20min,3,13,12.2,442.7993,1.9153,1128,15.7595,1863.7688,15.2589
A10,2N:20min,4,17,7.2,215.3208,1.1384,821,15.7595,1863.7688,15.2589
A10,2N:20min,5,19,7.8,195.5541,1.2219,836,15.7595,1863.7688,15.2589
A10,2N:20min,6,22,11.1,231.4366,1.7428,928,15.7595,1863.7688,15.2589
A10,2N:20min,7,29,14.6,234.9691,2.2966,1135,15.7595,1863.7688,15.2589
A10,2N:20min,8,37,8.4,107.3363,1.3243,719,15.7595,1863.7688,15.2589
A10,2N:20min,9,61,6.8,57.4767,1.0776,614,15.7595,1863.7688,15.2589
A10,2N:20min,10,72,28.0,192.7322,4.4164,4700,15.7595,1863.7688,15.2589
A10,2N:20min,,,,,,,15.7595,1863.7688,15.2589
A11,2N:30min,1,1,,118.7567,0.0569,628,15.8380,1871.8745,15.2998
A11,2N:30min,2,11,4.0,186.7083,0.6281,504,15.8380,1871.8745,15.2998
A11,2N:30min,3,13,11.6,425.7110,1.8414,1062,15.8380,1871.8745,15.2998
A11,2N:30min,4,16,6.6,198.4491,1.0492,846,15.8380,1871.8745,15.2998
A11,2N:30min,5,18,8.6,217.4196,1.3585,882,15.8380,1871.8745,15.2998
A11,2N:30min,6,22,11.8,248.4137,1.8707,1075,15.8380,1871.8745,15.2998
A11,2N:30min,7,29,12.9,215.9418,2.0414,1106,15.8380,1871.8745,15.2998
A11,2N:30min,8,37,10.4,133.4124,1.6460,888,15.8380,1871.8745,15.2998
A11,2N:30min,9,60,6.5,55.2377,1.0356,627,15.8380,1871.8745,15.2998
A11,2N:30min,10,72,27.6,190.5809,4.3671,4766,15.8380,1871.8745,15.2998
A11,2N:30min,,,,,,,15.8380,1871.8745,15.2998
A12,2N:Cont,1,1,,118.7568,0.0569,678,12.1083,1359.9972,11.6502
A12,2N:Cont,2,11,6.2,222.5056,0.7485,690,12.1083,1359.9972,11.6502
A12,2N:Cont,3,14,6.0,168.1835,0.7275,489,12.1083,1359.9972,11.6502
A12,2N:Cont,4,17,8.8,201.2107,1.0638,880,12.1083,1359.9972,11.6502
A12,2N:Cont,5,19,10.2,198.3228,1.2392,879,12.1083,1359.9972,11.6502
A12,2N:Cont,6,24,9.7,156.6213,1.1794,625,12.1083,1359.9972,11.6502
A12,2N:Cont,7,29,7.4,95.0837,0.8989,570,12.1083,1359.9972,11.6502
A12,2N:Cont,8,34,3.1,33.9014,0.3748,344,12.1083,1359.9972,11.6502
A12,2N:Cont,9,38,4.4,40.8215,0.5298,284,12.1083,1359.9972,11.6502
A12,2N:Cont,10,60,8.5,55.1697,1.0343,649,12.1083,1359.9972,11.6502
A12,2N:Cont,11,72,35.6,188.1770,4.3120,5090,12.1083,1359.9972,11.6502
A12,2N:Cont,,,,,,,12.1083,1359.9972,11.6502
B1,3N:30s,1,1,,118.7567,0.0569,582,14.8452,1778.1514,14.5421
B1,3N:30s,2,11,4.0,162.2460,0.5978,442,14.8452,1778.1514,14.5421
B1,3N:30s,3,13,18.0,617.6811,2.6718,1788,14.8452,1778.1514,14.5421
B1,3N:30s,4,19,13.0,308.2235,1.9259,714,14.8452,1778.1514,14.5421
B1,3N:30s,5,23,7.6,143.0270,1.1229,544,14.8452,1778.1514,14.5421
B1,3N:30s,6,32,23.4,324.1166,3.4796,1276,14.8452,1778.1514,14.5421
B1,3N:30s,7,63,6.3,48.5469,0.9413,527,14.8452,1778.1514,14.5421
B1,3N:30s,8,74,27.7,174.3103,4.1060,4183,14.8452,1778.1514,14.5421
B1,3N:30s,,,,,,,14.8452,1778.1514,14.5421
B2,3N:45s,1,1,,118.7568,0.0569,609,13.3616,1578.1776,13.0378
B2,3N:45s,2,11,4.1,148.5397,0.5473,405,13.3616,1578.1776,13.0378
B2,3N:45s,3,13,16.7,515.6543,2.2305,1475,13.3616,1578.1776,13.0378
B2,3N:45s,4,17,5.1,122.4504,0.6866,589,13.3616,1578.1776,13.0378
B2,3N:45s,5,19,8.5,173.8235,1.1418,678,13.3616,1578.1776,13.0378
B2,3N:45s,6,23,7.7,131.7910,1.0347,527,13.3616,1578.1776,13.0378
B2,3N:45s,7,32,22.4,278.2574,2.9872,1194,13.3616,1578.1776,13.0378
B2,3N:45s,8,63,7.3,50.0646,0.9707,544,13.3616,1578.1776,13.0378
B2,3N:45s,9,74,28.2,157.5966,3.7628,3931,13.3616,1578.1776,13.0378
B2,3N:45s,,,,,,,13.3616,1578.1776,13.0378
B3,3N:1min,1,1,,118.7568,0.0569,639,14.0630,1747.5658,13.7621
B3,3N:1min,2,10,4.3,180.9977,0.6089,504,14.0630,1747.5658,13.7621
B3,3N:1min,3,12,15.0,487.4352,2.1084,1405,14.0630,1747.5658,13.7621
B3,3N:1min,4,18,13.8,345.1654,1.9355,834,14.0630,1747.5658,13.7621
B3,3N:1min,5,22,8.3,162.3373,1.1705,602,14.0630,1747.5658,13.7621
B3,3N:1min,6,29,21.8,314.0168,3.0692,1161,14.0630,1747.5658,13.7621
B3,3N:1min,7,54,6.8,56.9173,0.9576,591,14.0630,1747.5658,13.7621
B3,3N:1min,8,65,30.0,200.6959,4.2129,4574,14.0630,1747.5658,13.7621
B3,3N:1min,,,,,,,14.0630,1747.5658,13.7621
B4,3N:2min,1,1,,118.7568,0.0569,718,12.8013,1557.0997,12.4360
B4,3N:2min,2,10,3.7,141.8638,0.4772,430,12.8013,1557.0997,12.4360
B4,3N:2min,3,12,14.2,419.9856,1.8166,1359,12.8013,1557.0997,12.4360
B4,3N:2min,4,15,5.5,141.3893,0.7022,687,12.8013,1557.0997,12.4360
B4,3N:2min,5,18,9.3,201.1380,1.1923,788,12.8013,1557.0997,12.4360
B4,3N:2min,6,22,7.9,139.5962,1.0065,614,12.8013,1557.0997,12.4360
B4,3N:2min,7,29,23.1,293.0952,2.9586,1294,12.8013,1557.0997,12.4360
B4,3N:2min,8,58,6.7,47.4906,0.8599,599,12.8013,1557.0997,12.4360
B4,3N:2min,9,70,29.6,172.5411,3.7878,4570,12.8013,1557.0997,12.4360
B4,3N:2min,,,,,,,12.8013,1557.0997,12.4360
B5,3N:3min,1,1,,118.7567,0.0569,667,13.7127,1529.4512,13.5473
B5,3N:3min,2,11,3.8,141.8399,0.5226,465,13.7127,1529.4512,13.5473
B5,3N:3min,3,13,15.4,453.9145,2.1089,1381,13.7127,1529.4512,13.5473
B5,3N:3min,4,20,13.6,299.1756,1.8694,759,13.7127,1529.4512,13.5473
B5,3N:3min,5,24,8.8,153.9391,1.2086,590,13.7127,1529.4512,13.5473
B5,3N:3min,6,32,22.6,272.3115,3.0980,1158,13.7127,1529.4512,13.5473
B5,3N:3min,7,65,7.2,48.2230,0.9814,592,13.7127,1529.4512,13.5473
B5,3N:3min,8,76,28.6,160.0475,3.9239,4490,13.7127,1529.4512,13.5473
B5,3N:3min,,,,,,,13.7127,1529.4512,13.5473
B6,3N:5min,1,1,,118.7568,0.0569,708,12.6508,1505.5602,12.2856
B6,3N:5min,2,11,3.8,144.5480,0.4863,462,12.6508,1505.5602,12.2856
B6,3N:5min,3,13,14.1,413.1865,1.7872,1309,12.6508,1505.5602,12.2856
B6,3N:5min,4,16,5.6,134.0704,0.7088,731,12.6508,1505.5602,12.2856
B6,3N:5min,5,18,9.3,189.0374,1.1812,822,12.6508,1505.5602,12.2856
B6,3N:5min,6,22,8.4,141.5107,1.0656,653,12.6508,1505.5602,12.2856
B6,3N:5min,7,29,22.2,269.9040,2.8111,1194,12.6508,1505.5602,12.2856
B6,3N:5min,8,60,7.3,50.1244,0.9237,624,12.6508,1505.5602,12.2856
B6,3N:5min,9,70,29.1,163.1787,3.6869,4701,12.6508,1505.5602,12.2856
B6,3N:5min,,,,,,,12.6508,1505.5602,12.2856
B7,3N:7min,1,1,,118.7568,0.0569,643,13.1831,1556.6670,12.8058
B7,3N:7min,2,11,3.7,145.7437,0.4903,398,13.1831,1556.6670,12.8058
B7,3N:7min,3,13,14.1,428.5060,1.8535,1259,13.1831,1556.6670,12.8058
B7,3N:7min,4,16,5.4,135.3738,0.7157,656,13.1831,1556.6670,12.8058
B7,3N:7min,5,18,9.3,196.3100,1.2266,755,13.1831,1556.6670,12.8058
B7,3N:7min,6,22,8.7,151.7415,1.1427,598,13.1831,1556.6670,12.8058
B7,3N:7min,7,29,21.4,270.7898,2.8203,1074,13.1831,1556.6670,12.8058
B7,3N:7min,8,60,7.4,53.2920,0.9820,604,13.1831,1556.6670,12.8058
B7,3N:7min,9,70,30.0,174.9102,3.9519,4433,13.1831,1556.6670,12.8058
B7,3N:7min,,,,,,,13.1831,1556.6670,12.8058
B8,3N:10min,1,1,,118.7568,0.0569,663,13.0114,1517.4316,12.6399
B8,3N:10min,2,11,3.8,133.3416,0.4913,421,13.0114,1517.4316,12.6399
B8,3N:10min,3,13,13.7,410.7247,1.7766,1145,13.0114,1517.4316,12.6399
B8,3N:10min,4,17,6.2,152.5519,0.8065,681,13.0114,1517.4316,12.6399
B8,3N:10min,5,19,8.8,184.0484,1.1500,758,13.0114,1517.4316,12.6399
B8,3N:10min,6,23,9.6,166.7179,1.2555,657,13.0114,1517.4316,12.6399
B8,3N:10min,7,30,21.4,259.7164,2.7882,1027,13.0114,1517.4316,12.6399
B8,3N:10min,8,62,7.6,50.6773,0.9826,582,13.0114,1517.4316,12.6399
B8,3N:10min,9,74,28.9,159.6534,3.7607,4370,13.0114,1517.4316,12.6399
B8,3N:10min,,,,,,,13.0114,1517.4316,12.6399
B9,3N:15min,1,1,,118.7568,0.0569,668,14.1245,1640.0591,13.6525
B9,3N:15min,2,11,4.0,152.7529,0.5628,477,14.1245,1640.0591,13.6525
B9,3N:15min,3,13,12.3,403.1815,1.7440,1095,14.1245,1640.0591,13.6525
B9,3N:15min,4,17,7.0,188.3423,0.9958,756,14.1245,1640.0591,13.6525
B9,3N:15min,5,19,7.9,177.8874,1.1115,821,14.1245,1640.0591,13.6525
B9,3N:15min,6,23,11.2,209.4385,1.5772,833,14.1245,1640.0591,13.6525
B9,3N:15min,7,31,15.1,210.6844,2.1268,1019,14.1245,1640.0591,13.6525
B9,3N:15min,8,38,7.0,75.9178,0.9853,599,14.1245,1640.0591,13.6525
B9,3N:15min,9,62,6.7,49.1369,0.9527,590,14.1245,1640.0591,13.6525
B9,3N:15min,10,74,28.8,172.7172,4.0684,4545,14.1245,1640.0591,13.6525
B9,3N:15min,,,,,,,14.1245,1640.0591,13.6525
B10,3N:20min,1,1,,118.7568,0.0569,618,13.3972,1601.1733,12.9380
B10,3N:20min,2,11,3.9,155.8384,0.5242,430,13.3972,1601.1733,12.9380
B10,3N:20min,3,13,12.1,375.1519,1.6227,967,13.3972,1601.1733,12.9380
B10,3N:20min,4,16,6.0,150.8285,0.7974,715,13.3972,1601.1733,12.9380
B10,3N:20min,5,18,8.8,198.2108,1.1750,781,13.3972,1601.1733,12.9380
B10,3N:20min,6,22,11.2,208.4194,1.5027,835,13.3972,1601.1733,12.9380
B10,3N:20min,7,29,14.2,201.1958,1.9020,912,13.3972,1601.1733,12.9380
B10,3N:20min,8,37,8.0,87.3509,1.0777,651,13.3972,1601.1733,12.9380
B10,3N:20min,9,59,7.1,51.4372,0.9479,572,13.3972,1601.1733,12.9380
B10,3N:20min,10,70,28.7,172.7405,3.8475,4260,13.3972,1601.1733,12.9380
B10,3N:20min,,,,,,,13.3972,1601.1733,12.9380
B11,3N:30min,1,1,,118.7568,0.0569,676,13.9011,1585.3994,13.4345
B11,3N:30min,2,11,4.0,149.0534,0.5492,483,13.9011,1585.3994,13.4345
B11,3N:30min,3,13,10.4,335.4790,1.4511,899,13.9011,1585.3994,13.4345
B11,3N:30min,4,17,6.6,172.7006,0.9131,773,13.9011,1585.3994,13.4345
B11,3N:30min,5,19,8.9,196.9430,1.2306,838,13.9011,1585.3994,13.4345
B11,3N:30min,6,23,13.1,241.4725,1.8184,1090,13.9011,1585.3994,13.4345
B11,3N:30min,7,30,11.0,156.2948,1.5276,888,13.9011,1585.3994,13.4345
B11,3N:30min,8,39,10.3,113.4868,1.4366,789,13.9011,1585.3994,13.4345
B11,3N:30min,9,62,6.9,49.6712,0.9631,593,13.9011,1585.3994,13.4345
B11,3N:30min,10,73,28.9,170.2980,4.0115,4621,13.9011,1585.3994,13.4345
B11,3N:30min,,,,,,,13.9011,1585.3994,13.4345
B12,3N:Cont,1,1,,118.7568,0.0569,599,9.2182,976.8333,9.4361
B12,3N:Cont,2,11,7.0,174.0600,0.6413,532,9.2182,976.8333,9.4361
B12,3N:Cont,3,14,6.6,130.4923,0.6063,335,9.2182,976.8333,9.4361
B12,3N:Cont,4,17,8.9,146.8855,0.8237,546,9.2182,976.8333,9.4361
B12,3N:Cont,5,19,10.0,140.5867,0.9235,575,9.2182,976.8333,9.4361
B12,3N:Cont,6,25,8.6,100.8338,0.7916,373,9.2182,976.8333,9.4361
B12,3N:Cont,7,30,10.2,90.6850,0.9445,386,9.2182,976.8333,9.4361
B12,3N:Cont,8,64,8.0,36.2090,0.7369,511,9.2182,976.8333,9.4361
B12,3N:Cont,9,75,40.7,157.0809,3.7505,4044,9.2182,976.8333,9.4361
B12,3N:Cont,,,,,,,9.2182,976.8333,9.4361
C1,5N:30s,1,1,,118.7568,0.0569,630,13.1671,1461.0822,12.8912
C1,5N:30s,2,11,3.9,140.5737,0.5179,407,13.1671,1461.0822,12.8912
C1,5N:30s,3,14,16.1,456.7156,2.1219,1433,13.1671,1461.0822,12.8912
C1,5N:30s,4,20,13.8,290.9661,1.8181,703,13.1671,1461.0822,12.8912
C1,5N:30s,5,24,7.9,127.9181,1.0453,515,13.1671,1461.0822,12.8912
C1,5N:30s,6,34,22.0,247.8804,2.8995,1079,13.1671,1461.0822,12.8912
C1,5N:30s,7,67,7.4,46.1852,0.9695,562,13.1671,1461.0822,12.8912
C1,5N:30s,8,79,28.8,150.8431,3.7949,4261,13.1671,1461.0822,12.8912
C1,5N:30s,,,,,,,13.1671,1461.0822,12.8912
C2,5N:45s,1,1,,118.7568,0.0569,581,13.7480,1561.3484,13.4467
C2,5N:45s,2,11,4.3,159.9260,0.5892,415,13.7480,1561.3484,13.4467
C2,5N:45s,3,13,15.9,470.9011,2.1878,1229,13.7480,1561.3484,13.4467
C2,5N:45s,4,20,13.8,304.0237,1.8997,687,13.7480,1561.3484,13.4467
C2,5N:45s,5,24,8.2,144.4375,1.1340,509,13.7480,1561.3484,13.4467
C2,5N:45s,6,33,21.7,270.1996,2.9873,1010,13.7480,1561.3484,13.4467
C2,5N:45s,7,65,6.8,45.8589,0.9333,515,13.7480,1561.3484,13.4467
C2,5N:45s,8,76,29.2,166.0017,4.0167,3975,13.7480,1561.3484,13.4467
C2,5N:45s,,,,,,,13.7480,1561.3484,13.4467
C3,5N:1min,1,1,,118.7568,0.0569,624,12.9376,1485.7631,12.6469
C3,5N:1min,2,11,4.0,139.6560,0.5146,421,12.9376,1485.7631,12.6469
C3,5N:1min,3,13,14.0,418.0853,1.8084,1109,12.9376,1485.7631,12.6469
C3,5N:1min,4,19,14.5,317.4862,1.8821,728,12.9376,1485.7631,12.6469
C3,5N:1min,5,23,8.7,143.5054,1.1267,546,12.9376,1485.7631,12.6469
C3,5N:1min,6,32,22.0,257.3064,2.8448,1010,12.9376,1485.7631,12.6469
C3,5N:1min,7,63,7.1,46.5551,0.9176,540,12.9376,1485.7631,12.6469
C3,5N:1min,8,74,29.7,163.1687,3.8435,4146,12.9376,1485.7631,12.6469
C3,5N:1min,,,,,,,12.9376,1485.7631,12.6469
C4,5N:2min,1,1,,118.7567,0.0569,665,13.7822,1568.6024,13.4839
C4,5N:2min,2,11,3.9,144.0799,0.5309,458,13.7822,1568.6024,13.4839
C4,5N:2min,3,13,13.9,442.0458,1.9121,1275,13.7822,1568.6024,13.4839
C4,5N:2min,4,19,13.7,319.0410,1.8913,826,13.7822,1568.6024,13.4839
C4,5N:2min,5,23,9.3,163.0471,1.2801,660,13.7822,1568.6024,13.4839
C4,5N:2min,6,32,21.9,272.3971,3.0116,1138,13.7822,1568.6024,13.4839
C4,5N:2min,7,63,7.2,51.4123,0.9968,638,13.7822,1568.6024,13.4839
C4,5N:2min,8,74,30.2,176.5791,4.1594,4895,13.7822,1568.6024,13.4839
C4,5N:2min,,,,,,,13.7822,1568.6024,13.4839
C5,5N:3min,1,1,,118.7568,0.0569,640,13.0649,1533.1213,12.7244
C5,5N:3min,2,11,3.9,138.8230,0.5115,411,13.0649,1533.1213,12.7244
C5,5N:3min,3,13,14.4,435.7384,1.8848,1162,13.0649,1533.1213,12.7244
C5,5N:3min,4,19,14.1,311.4824,1.8465,740,13.0649,1533.1213,12.7244
C5,5N:3min,5,23,9.3,161.1987,1.2139,616,13.0649,1533.1213,12.7244
C5,5N:3min,6,30,16.9,218.6649,2.2073,949,13.0649,1533.1213,12.7244
C5,5N:3min,7,37,5.2,52.5674,0.6823,397,13.0649,1533.1213,12.7244
C5,5N:3min,8,61,6.9,47.9586,0.8991,525,13.0649,1533.1213,12.7244
C5,5N:3min,9,72,29.2,166.6878,3.8196,4035,13.0649,1533.1213,12.7244
C5,5N:3min,,,,,,,13.0649,1533.1213,12.7244
C6,5N:5min,1,1,,118.7568,0.0569,552,13.3023,1582.0990,13.0051
C6,5N:5min,2,11,3.8,138.7636,0.5113,363,13.3023,1582.0990,13.0051
C6,5N:5min,3,13,15.5,477.7403,2.0665,1163,13.3023,1582.0990,13.0051
C6,5N:5min,4,19,14.0,314.6287,1.8651,645,13.3023,1582.0990,13.0051
C6,5N:5min,5,23,9.5,168.5756,1.2695,532,13.3023,1582.0990,13.0051
C6,5N:5min,6,31,22.2,275.1960,2.9544,913,13.3023,1582.0990,13.0051
C6,5N:5min,7,62,6.8,46.4213,0.9001,456,13.3023,1582.0990,13.0051
C6,5N:5min,8,73,28.1,160.7733,3.7356,3552,13.3023,1582.0990,13.0051
C6,5N:5min,,,,,,,13.3023,1582.0990,13.0051
C7,5N:7min,1,1,,118.7568,0.0569,722,12.2517,1350.6936,11.9268
C7,5N:7min,2,11,3.9,129.2289,0.4761,436,12.2517,1350.6936,11.9268
C7,5N:7min,3,13,13.1,345.3433,1.6045,1088,12.2517,1350.6936,11.9268
C7,5N:7min,4,20,14.2,277.4521,1.7337,791,12.2517,1350.6936,11.9268
C7,5N:7min,5,23,10.9,169.4075,1.3300,757,12.2517,1350.6936,11.9268
C7,5N:7min,6,31,15.2,178.4957,1.8590,993,12.2517,1350.6936,11.9268
C7,5N:7min,7,39,6.7,60.4590,0.8235,521,12.2517,1350.6936,11.9268
C7,5N:7min,8,65,7.1,43.1659,0.8646,574,12.2517,1350.6936,11.9268
C7,5N:7min,9,76,29.1,147.1413,3.5603,4495,12.2517,1350.6936,11.9268
C7,5N:7min,,,,,,,12.2517,1350.6936,11.9268
C8,5N:10min,1,1,,118.7567,0.0569,693,12.2109,1378.6682,11.8880
C8,5N:10min,2,11,3.7,123.4234,0.4548,415,12.2109,1378.6682,11.8880
C8,5N:10min,3,13,12.8,360.1343,1.5578,1024,12.2109,1378.6682,11.8880
C8,5N:10min,4,19,14.0,288.8194,1.7121,761,12.2109,1378.6682,11.8880
C8,5N:10min,5,23,11.2,174.4869,1.3699,800,12.2109,1378.6682,11.8880
C8,5N:10min,6,31,13.6,164.2200,1.6577,883,12.2109,1378.6682,11.8880
C8,5N:10min,7,39,7.7,70.3234,0.9353,569,12.2109,1378.6682,11.8880
C8,5N:10min,8,64,7.2,44.7463,0.8819,576,12.2109,1378.6682,11.8880
C8,5N:10min,9,75,29.8,152.5146,3.6414,4403,12.2109,1378.6682,11.8880
C8,5N:10min,,,,,,,12.2109,1378.6682,11.8880
C9,5N:15min,1,1,,118.7568,0.0569,726,12.4723,1388.3967,12.0575
C9,5N:15min,2,11,3.8,128.8589,0.4748,446,12.4723,1388.3967,12.0575
C9,5N:15min,3,14,10.9,292.2901,1.3580,891,12.4723,1388.3967,12.0575
C9,5N:15min,4,17,7.0,156.6004,0.8781,734,12.4723,1388.3967,12.0575
C9,5N:15min,5,20,8.2,162.7443,1.0169,808,12.4723,1388.3967,12.0575
C9,5N:15min,6,23,13.4,221.1746,1.6656,1026,12.4723,1388.3967,12.0575
C9,5N:15min,7,31,11.0,135.7095,1.3699,855,12.4723,1388.3967,12.0575
C9,5N:15min,8,39,10.1,97.0699,1.2599,748,12.4723,1388.3967,12.0575
C9,5N:15min,9,64,6.9,43.5715,0.8588,576,12.4723,1388.3967,12.0575
C9,5N:15min,10,75,28.8,150.3777,3.5904,4408,12.4723,1388.3967,12.0575
C9,5N:15min,,,,,,,12.4723,1388.3967,12.0575
C10,5N:20min,1,1,,118.7568,0.0569,656,12.8726,1460.4851,12.5289
C10,5N:20min,2,11,4.1,142.2968,0.5243,427,12.8726,1460.4851,12.5289
C10,5N:20min,3,13,10.1,300.7618,1.3009,762,12.8726,1460.4851,12.5289
C10,5N:20min,4,19,15.0,325.4668,1.9294,780,12.8726,1460.4851,12.5289
C10,5N:20min,5,23,14.1,241.6246,1.8196,1065,12.8726,1460.4851,12.5289
C10,5N:20min,6,30,10.0,132.0784,1.2909,734,12.8726,1460.4851,12.5289
C10,5N:20min,7,38,11.1,113.1421,1.4322,759,12.8726,1460.4851,12.5289
C10,5N:20min,8,62,6.8,45.7410,0.8722,536,12.8726,1460.4851,12.5289
C10,5N:20min,9,73,28.8,159.3736,3.7030,4038,12.8726,1460.4851,12.5289
C10,5N:20min,,,,,,,12.8726,1460.4851,12.5289
C11,5N:30min,1,1,,118.7568,0.0569,589,12.8795,1445.8701,12.5385
C11,5N:30min,2,11,4.0,139.6275,0.5145,406,12.8795,1445.8701,12.5385
C11,5N:30min,3,14,8.5,254.5027,1.1009,594,12.8795,1445.8701,12.5385
C11,5N:30min,4,19,15.0,326.4114,1.9350,758,12.8795,1445.8701,12.5385
C11,5N:30min,5,23,16.2,277.5079,2.0898,1184,12.8795,1445.8701,12.5385
C11,5N:30min,6,29,9.0,122.1340,1.1546,647,12.8795,1445.8701,12.5385
C11,5N:30min,7,38,12.0,121.6214,1.5395,797,12.8795,1445.8701,12.5385
C11,5N:30min,8,61,7.0,47.0735,0.8976,507,12.8795,1445.8701,12.5385
C11,5N:30min,9,73,28.3,156.9918,3.6477,3828,12.8795,1445.8701,12.5385
C11,5N:30min,,,,,,,12.8795,1445.8701,12.5385
C12,5N:Cont,1,1,,118.7568,0.0569,697,9.2783,986.6653,9.3909
C12,5N:Cont,2,11,5.7,144.3969,0.5320,519,9.2783,986.6653,9.3909
C12,5N:Cont,3,14,6.8,136.6546,0.6349,415,9.2783,986.6653,9.3909
C12,5N:Cont,4,17,7.9,130.0862,0.7295,670,9.2783,986.6653,9.3909
C12,5N:Cont,5,19,11.1,164.8182,1.0299,741,9.2783,986.6653,9.3909
C12,5N:Cont,6,24,9.7,114.1356,0.8961,501,9.2783,986.6653,9.3909
C12,5N:Cont,7,29,10.9,99.8660,1.0081,484,9.2783,986.6653,9.3909
C12,5N:Cont,8,62,9.3,44.5647,0.8641,591,9.2783,986.6653,9.3909
C12,5N:Cont,9,73,38.6,152.1430,3.5838,4537,9.2783,986.6653,9.3909
C12,5N:Cont,,,,,,,9.2783,986.6653,9.3909
D1,7N:30s,1,1,,118.7568,0.0569,619,13.5788,1565.8239,13.2041
D1,7N:30s,2,11,3.6,144.0098,0.4844,373,13.5788,1565.8239,13.2041
D1,7N:30s,3,13,13.7,429.7581,1.8589,1214,13.5788,1565.8239,13.2041
D1,7N:30s,4,17,5.7,147.3293,0.7789,599,13.5788,1565.8239,13.2041
D1,7N:30s,5,19,9.1,198.7527,1.2419,725,13.5788,1565.8239,13.2041
D1,7N:30s,6,23,7.8,140.6256,1.0590,530,13.5788,1565.8239,13.2041
D1,7N:30s,7,31,21.4,270.3218,2.9020,1009,13.5788,1565.8239,13.2041
D1,7N:30s,8,62,7.7,53.8969,1.0450,601,13.5788,1565.8239,13.2041
D1,7N:30s,9,73,31.0,181.1297,4.2085,4468,13.5788,1565.8239,13.2041
D1,7N:30s,,,,,,,13.5788,1565.8239,13.2041
D2,7N:45s,1,1,,118.7568,0.0569,576,11.8044,1394.1155,11.4668
D2,7N:45s,2,11,3.6,126.0522,0.4240,331,11.8044,1394.1155,11.4668
D2,7N:45s,3,13,14.2,388.1834,1.6791,1036,11.8044,1394.1155,11.4668
D2,7N:45s,4,16,5.4,120.7882,0.6386,536,11.8044,1394.1155,11.4668
D2,7N:45s,5,19,9.6,181.8878,1.1365,647,11.8044,1394.1155,11.4668
D2,7N:45s,6,23,8.2,129.0014,0.9714,476,11.8044,1394.1155,11.4668
D2,7N:45s,7,30,22.0,249.7201,2.6008,882,11.8044,1394.1155,11.4668
D2,7N:45s,8,62,7.4,46.6274,0.8742,480,11.8044,1394.1155,11.4668
D2,7N:45s,9,72,29.5,151.8550,3.4797,3630,11.8044,1394.1155,11.4668
D2,7N:45s,,,,,,,11.8044,1394.1155,11.4668
D3,7N:1min,1,1,,118.7568,0.0569,573,12.7671,1515.1292,12.3967
D3,7N:1min,2,11,3.9,148.0425,0.4980,364,12.7671,1515.1292,12.3967
D3,7N:1min,3,13,13.9,410.1634,1.7742,1082,12.7671,1515.1292,12.3967
D3,7N:1min,4,16,5.5,131.9055,0.6974,586,12.7671,1515.1292,12.3967
D3,7N:1min,5,19,9.6,196.8803,1.2302,692,12.7671,1515.1292,12.3967
D3,7N:1min,6,22,8.7,148.0041,1.1145,524,12.7671,1515.1292,12.3967
D3,7N:1min,7,30,21.9,268.0141,2.7914,945,12.7671,1515.1292,12.3967
D3,7N:1min,8,60,7.0,47.8118,0.8964,518,12.7671,1515.1292,12.3967
D3,7N:1min,9,72,29.5,164.3076,3.7650,3863,12.7671,1515.1292,12.3967
D3,7N:1min,,,,,,,12.7671,1515.1292,12.3967
D4,7N:2min,1,1,,118.7568,0.0569,631,11.9984,1387.8765,11.6464
D4,7N:2min,2,11,3.9,140.7868,0.4736,390,11.9984,1387.8765,11.6464
D4,7N:2min,3,13,12.6,349.1072,1.5101,949,11.9984,1387.8765,11.6464
D4,7N:2min,4,17,6.2,140.6940,0.7438,624,11.9984,1387.8765,11.6464
D4,7N:2min,5,19,9.2,175.8875,1.0990,708,11.9984,1387.8765,11.6464
D4,7N:2min,6,23,9.7,154.1103,1.1605,585,11.9984,1387.8765,11.6464
D4,7N:2min,7,31,21.2,229.6735,2.5393,890,11.9984,1387.8765,11.6464
D4,7N:2min,8,62,7.1,43.9155,0.8515,536,11.9984,1387.8765,11.6464
D4,7N:2min,9,74,30.2,153.7018,3.6205,4057,11.9984,1387.8765,11.6464
D4,7N:2min,,,,,,,11.9984,1387.8765,11.6464
D5,7N:3min,1,1,,118.7568,0.0569,516,11.9602,1471.1359,11.6935
D5,7N:3min,2,11,4.0,130.2139,0.4798,290,11.9602,1471.1359,11.6935
D5,7N:3min,3,13,17.8,492.9250,2.1321,1161,11.9602,1471.1359,11.6935
D5,7N:3min,4,19,13.9,280.2184,1.6611,538,11.9602,1471.1359,11.6935
D5,7N:3min,5,23,9.4,150.0850,1.1302,445,11.9602,1471.1359,11.6935
D5,7N:3min,6,31,21.9,243.4527,2.6136,765,11.9602,1471.1359,11.6935
D5,7N:3min,7,62,6.3,38.6401,0.7492,361,11.9602,1471.1359,11.6935
D5,7N:3min,8,74,26.7,135.6007,3.1941,2715,11.9602,1471.1359,11.6935
D5,7N:3min,,,,,,,11.9602,1471.1359,11.6935
D6,7N:5min,1,1,,118.7568,0.0569,590,12.5533,1440.9934,12.1419
D6,7N:5min,2,11,3.7,124.9749,0.4605,352,12.5533,1440.9934,12.1419
D6,7N:5min,3,13,13.4,390.2675,1.6881,972,12.5533,1440.9934,12.1419
D6,7N:5min,4,17,5.5,123.9031,0.6948,593,12.5533,1440.9934,12.1419
D6,7N:5min,5,20,9.1,182.3856,1.1396,682,12.5533,1440.9934,12.1419
D6,7N:5min,6,23,10.1,167.9777,1.2650,636,12.5533,1440.9934,12.1419
D6,7N:5min,7,31,15.3,189.9298,1.9172,835,12.5533,1440.9934,12.1419
D6,7N:5min,8,39,6.7,62.7939,0.8351,447,12.5533,1440.9934,12.1419
D6,7N:5min,9,64,7.3,46.2317,0.9112,510,12.5533,1440.9934,12.1419
D6,7N:5min,10,75,29.0,152.5291,3.6418,3835,12.5533,1440.9934,12.1419
D6,7N:5min,,,,,,,12.5533,1440.9934,12.1419
D7,7N:7min,1,1,,118.7568,0.0569,548,13.2747,1512.8344,12.8315
D7,7N:7min,2,11,3.7,134.5511,0.4958,342,13.2747,1512.8344,12.8315
D7,7N:7min,3,13,11.6,357.1270,1.5448,799,13.2747,1512.8344,12.8315
D7,7N:7min,4,17,6.2,156.2180,0.8259,588,13.2747,1512.8344,12.8315
D7,7N:7min,5,19,8.8,186.7437,1.1669,678,13.2747,1512.8344,12.8315
D7,7N:7min,6,23,11.6,204.7408,1.5418,723,13.2747,1512.8344,12.8315
D7,7N:7min,7,30,13.4,175.6659,1.7733,741,13.2747,1512.8344,12.8315
D7,7N:7min,8,38,8.1,83.2457,1.0804,535,13.2747,1512.8344,12.8315
D7,7N:7min,9,63,7.3,49.8718,0.9670,495,13.2747,1512.8344,12.8315
D7,7N:7min,10,74,29.2,164.6702,3.8789,3699,13.2747,1512.8344,12.8315
D7,7N:7min,,,,,,,13.2747,1512.8344,12.8315
D8,7N:10min,1,1,,118.7568,0.0569,575,14.4696,1588.6031,13.9906
D8,7N:10min,2,11,3.9,154.3390,0.5687,400,14.4696,1588.6031,13.9906
D8,7N:10min,3,14,10.5,327.7399,1.5227,762,14.4696,1588.6031,13.9906
D8,7N:10min,4,17,6.3,162.0175,0.9085,671,14.4696,1588.6031,13.9906
D8,7N:10min,5,19,8.6,199.4393,1.2462,737,14.4696,1588.6031,13.9906
D8,7N:10min,6,23,12.1,232.8545,1.7535,854,14.4696,1588.6031,13.9906
D8,7N:10min,7,31,12.5,179.3622,1.8106,761,14.4696,1588.6031,13.9906
D8,7N:10min,8,39,8.6,96.2881,1.2497,637,14.4696,1588.6031,13.9906
D8,7N:10min,9,64,7.8,57.2172,1.1277,578,14.4696,1588.6031,13.9906
D8,7N:10min,10,75,29.6,179.3453,4.2820,4203,14.4696,1588.6031,13.9906
D8,7N:10min,,,,,,,14.4696,1588.6031,13.9906
D9,7N:15min,1,1,,118.7568,0.0569,569,13.3910,1577.8843,12.9382
D9,7N:15min,2,11,3.6,144.0877,0.4847,372,13.3910,1577.8843,12.9382
D9,7N:15min,3,13,9.9,307.0840,1.3283,668,13.3910,1577.8843,12.9382
D9,7N:15min,4,16,5.8,156.5739,0.7776,627,13.3910,1577.8843,12.9382
D9,7N:15min,5,18,9.2,208.0839,1.2335,731,13.3910,1577.8843,12.9382
D9,7N:15min,6,22,14.5,269.3560,1.9421,1015,13.3910,1577.8843,12.9382
D9,7N:15min,7,28,9.3,136.4991,1.2466,655,13.3910,1577.8843,12.9382
D9,7N:15min,8,37,11.2,124.6806,1.4983,709,13.3910,1577.8843,12.9382
D9,7N:15min,9,59,7.1,52.7114,0.9544,517,13.3910,1577.8843,12.9382
D9,7N:15min,10,69,29.3,178.8077,3.9254,3818,13.3910,1577.8843,12.9382
D9,7N:15min,,,,,,,13.3910,1577.8843,12.9382
D10,7N:20min,1,1,,118.7568,0.0569,566,12.1749,1384.1727,11.7711
D10,7N:20min,2,11,3.8,138.6418,0.4664,366,12.1749,1384.1727,11.7711
D10,7N:20min,3,13,8.5,240.6241,1.0408,572,12.1749,1384.1727,11.7711
D10,7N:20min,4,17,6.1,141.3117,0.7471,604,12.1749,1384.1727,11.7711
D10,7N:20min,5,19,9.6,187.0475,1.1688,704,12.1749,1384.1727,11.7711
D10,7N:20min,6,23,15.4,248.5756,1.8719,1077,12.1749,1384.1727,11.7711
D10,7N:20min,7,29,9.3,119.5353,1.1300,628,12.1749,1384.1727,11.7711
D10,7N:20min,8,38,11.4,112.8378,1.3922,718,12.1749,1384.1727,11.7711
D10,7N:20min,9,62,7.0,44.8817,0.8558,498,12.1749,1384.1727,11.7711
D10,7N:20min,10,73,28.8,150.7172,3.5019,3642,12.1749,1384.1727,11.7711
D10,7N:20min,,,,,,,12.1749,1384.1727,11.7711
D11,7N:30min,1,1,,118.7568,0.0569,566,13.8496,1462.0598,13.4270
D11,7N:30min,2,11,3.8,142.6920,0.5257,388,13.8496,1462.0598,13.4270
D11,7N:30min,3,14,7.4,220.6092,1.0250,485,13.8496,1462.0598,13.4270
D11,7N:30min,4,17,3.2,83.4763,0.4413,543,13.8496,1462.0598,13.4270
D11,7N:30min,5,20,11.2,248.3585,1.5519,696,13.8496,1462.0598,13.4270
D11,7N:30min,6,23,17.4,307.7276,2.4160,1166,13.8496,1462.0598,13.4270
D11,7N:30min,7,30,8.4,115.8257,1.1692,609,13.8496,1462.0598,13.4270
D11,7N:30min,8,40,11.5,122.2581,1.5868,715,13.8496,1462.0598,13.4270
D11,7N:30min,9,65,7.5,51.9288,1.0401,546,13.8496,1462.0598,13.4270
D11,7N:30min,10,76,29.6,169.1835,4.0936,3938,13.8496,1462.0598,13.4270
D11,7N:30min,,,,,,,13.8496,1462.0598,13.4270
D12,7N:Cont,1,1,,118.7568,0.0569,497,8.4176,945.7393,8.6211
D12,7N:Cont,2,11,6.7,168.3245,0.5662,381,8.4176,945.7393,8.6211
D12,7N:Cont,3,14,7.0,135.3442,0.5854,280,8.4176,945.7393,8.6211
D12,7N:Cont,4,16,7.4,117.1163,0.6192,389,8.4176,945.7393,8.6211
D12,7N:Cont,5,19,11.2,151.2495,0.9451,450,8.4176,945.7393,8.6211
D12,7N:Cont,6,24,8.9,99.1754,0.7468,290,8.4176,945.7393,8.6211
D12,7N:Cont,7,29,10.6,91.0462,0.8899,306,8.4176,945.7393,8.6211
D12,7N:Cont,8,61,8.2,36.2724,0.6917,404,8.4176,945.7393,8.6211
D12,7N:Cont,9,72,40.1,147.2109,3.3733,2937,8.4176,945.7393,8.6211
D12,7N:Cont,,,,,,,8.4176,945.7393,8.6211
E1,10N:30s,1,1,,118.7568,0.0569,609,11.4674,1311.8495,11.2133
E1,10N:30s,2,11,3.8,129.5183,0.4357,351,11.4674,1311.8495,11.2133
E1,10N:30s,3,13,13.8,366.4414,1.5850,1037,11.4674,1311.8495,11.2133
E1,10N:30s,4,19,14.0,271.7824,1.6111,662,11.4674,1311.8495,11.2133
E1,10N:30s,5,23,9.0,131.4532,1.0320,509,11.4674,1311.8495,11.2133
E1,10N:30s,6,31,21.1,218.9035,2.4202,866,11.4674,1311.8495,11.2133
E1,10N:30s,7,63,8.1,46.9521,0.9254,540,11.4674,1311.8495,11.2133
E1,10N:30s,8,74,30.2,146.7988,3.4579,3975,11.4674,1311.8495,11.2133
E1,10N:30s,,,,,,,11.4674,1311.8495,11.2133
E2,10N:45s,1,1,,118.7568,0.0569,579,12.9535,1560.6799,12.6700
E2,10N:45s,2,11,3.7,142.4642,0.4792,370,12.9535,1560.6799,12.6700
E2,10N:45s,3,13,13.8,413.7432,1.7896,1065,12.9535,1560.6799,12.6700
E2,10N:45s,4,18,14.5,334.1625,1.8738,709,12.9535,1560.6799,12.6700
E2,10N:45s,5,22,9.2,165.6019,1.1940,548,12.9535,1560.6799,12.6700
E2,10N:45s,6,29,21.3,273.6520,2.7624,821,12.9535,1560.6799,12.6700
E2,10N:45s,7,57,7.2,52.3142,0.9305,515,12.9535,1560.6799,12.6700
E2,10N:45s,8,68,30.3,178.7419,3.9239,3884,12.9535,1560.6799,12.6700
E2,10N:45s,,,,,,,12.9535,1560.6799,12.6700
E3,10N:1min,1,1,,118.7568,0.0569,571,13.1030,1452.3215,12.8111
E3,10N:1min,2,11,4.0,141.4538,0.5212,361,13.1030,1452.3215,12.8111
E3,10N:1min,3,13,14.1,398.4297,1.8511,1030,13.1030,1452.3215,12.8111
E3,10N:1min,4,20,14.1,296.3559,1.8518,656,13.1030,1452.3215,12.8111
E3,10N:1min,5,23,9.2,154.0732,1.2096,523,13.1030,1452.3215,12.8111
E3,10N:1min,6,32,21.2,251.3931,2.7794,838,13.1030,1452.3215,12.8111
E3,10N:1min,7,65,7.6,49.4957,0.9914,519,13.1030,1452.3215,12.8111
E3,10N:1min,8,76,29.8,161.1201,3.8985,3820,13.1030,1452.3215,12.8111
E3,10N:1min,,,,,,,13.1030,1452.3215,12.8111
E4,10N:2min,1,1,,118.7568,0.0569,590,13.0669,1492.2386,12.6361
E4,10N:2min,2,11,3.7,131.9345,0.4861,377,13.0669,1492.2386,12.6361
E4,10N:2min,3,13,12.9,390.6104,1.6896,959,13.0669,1492.2386,12.6361
E4,10N:2min,4,17,6.1,142.9755,0.8017,612,13.0669,1492.2386,12.6361
E4,10N:2min,5,19,8.5,178.1422,1.1131,700,13.0669,1492.2386,12.6361
E4,10N:2min,6,23,10.4,181.2755,1.3651,624,13.0669,1492.2386,12.6361
E4,10N:2min,7,31,15.2,196.9080,1.9877,832,13.0669,1492.2386,12.6361
E4,10N:2min,8,38,6.1,60.0312,0.7984,421,13.0669,1492.2386,12.6361
E4,10N:2min,9,63,7.1,47.3818,0.9339,534,13.0669,1492.2386,12.6361
E4,10N:2min,10,75,29.8,162.9797,3.8913,3971,13.0669,1492.2386,12.6361
E4,10N:2min,,,,,,,13.0669,1492.2386,12.6361
E5,10N:3min,1,1,,118.7568,0.0569,573,11.9735,1417.1085,11.6291
E5,10N:3min,2,11,3.6,128.0609,0.4308,298,11.9735,1417.1085,11.6291
E5,10N:3min,3,13,14.2,392.7950,1.6990,923,11.9735,1417.1085,11.6291
E5,10N:3min,4,16,5.4,122.5595,0.6480,493,11.9735,1417.1085,11.6291
E5,10N:3min,5,18,9.1,174.3210,1.0892,593,11.9735,1417.1085,11.6291
E5,10N:3min,6,22,9.2,152.4375,1.0991,508,11.9735,1417.1085,11.6291
E5,10N:3min,7,29,21.1,242.1495,2.5220,752,11.9735,1417.1085,11.6291
E5,10N:3min,8,60,7.8,49.7143,0.9320,459,11.9735,1417.1085,11.6291
E5,10N:3min,9,72,29.7,155.0709,3.5534,3392,11.9735,1417.1085,11.6291
E5,10N:3min,,,,,,,11.9735,1417.1085,11.6291
E6,10N:5min,1,1,,118.7568,0.0569,615,11.9013,1361.4747,11.5081
E6,10N:5min,2,11,3.5,113.5464,0.4184,335,11.9013,1361.4747,11.5081
E6,10N:5min,3,13,12.8,353.3603,1.5285,897,11.9013,1361.4747,11.5081
E6,10N:5min,4,17,5.5,124.1697,0.6565,583,11.9013,1361.4747,11.5081
E6,10N:5min,5,19,9.3,176.9701,1.1058,686,11.9013,1361.4747,11.5081
E6,10N:5min,6,23,10.7,169.5439,1.2768,701,11.9013,1361.4747,11.5081
E6,10N:5min,7,30,13.0,153.7001,1.5515,774,11.9013,1361.4747,11.5081
E6,10N:5min,8,38,8.5,78.2306,1.0154,519,11.9013,1361.4747,11.5081
E6,10N:5min,9,63,7.4,44.9783,0.8865,514,11.9013,1361.4747,11.5081
E6,10N:5min,10,74,29.1,146.9755,3.4621,3822,11.9013,1361.4747,11.5081
E6,10N:5min,,,,,,,11.9013,1361.4747,11.5081
E7,10N:7min,1,1,,118.7568,0.0569,591,13.1332,1503.5856,12.6988
E7,10N:7min,2,11,3.7,144.9200,0.4875,357,13.1332,1503.5856,12.6988
E7,10N:7min,3,13,11.1,335.5812,1.4516,777,13.1332,1503.5856,12.6988
E7,10N:7min,4,17,5.6,138.7021,0.7333,617,13.1332,1503.5856,12.6988
E7,10N:7min,5,19,9.4,198.1604,1.2382,717,13.1332,1503.5856,12.6988
E7,10N:7min,6,23,12.5,217.5634,1.6384,863,13.1332,1503.5856,12.6988
E7,10N:7min,7,29,10.2,137.2783,1.3418,721,13.1332,1503.5856,12.6988
E7,10N:7min,8,38,10.8,114.7201,1.4154,662,13.1332,1503.5856,12.6988
E7,10N:7min,9,62,7.2,49.6905,0.9475,540,13.1332,1503.5856,12.6988
E7,10N:7min,10,73,29.5,166.9695,3.8795,3901,13.1332,1503.5856,12.6988
E7,10N:7min,,,,,,,13.1332,1503.5856,12.6988
E8,10N:10min,1,1,,118.7568,0.0569,619,13.2698,1467.5420,12.8324
E8,10N:10min,2,11,3.9,139.0407,0.5123,398,13.2698,1467.5420,12.8324
E8,10N:10min,3,14,10.2,292.5347,1.3591,745,13.2698,1467.5420,12.8324
E8,10N:10min,4,17,6.2,154.9698,0.8193,661,13.2698,1467.5420,12.8324
E8,10N:10min,5,19,8.8,186.8185,1.1673,752,13.2698,1467.5420,12.8324
E8,10N:10min,6,23,12.8,225.3445,1.6970,916,13.2698,1467.5420,12.8324
E8,10N:10min,7,30,10.3,140.4547,1.3728,726,13.2698,1467.5420,12.8324
E8,10N:10min,8,38,10.3,108.3079,1.3710,663,13.2698,1467.5420,12.8324
E8,10N:10min,9,62,7.5,51.1123,0.9910,577,13.2698,1467.5420,12.8324
E8,10N:10min,10,74,30.0,168.9590,3.9799,4192,13.2698,1467.5420,12.8324
E8,10N:10min,,,,,,,13.2698,1467.5420,12.8324
E9,10N:15min,1,1,,118.7568,0.0569,591,12.3590,1392.2991,12.0251
E9,10N:15min,2,11,3.7,134.8994,0.4538,351,12.3590,1392.2991,12.0251
E9,10N:15min,3,13,9.1,261.1448,1.1296,575,12.3590,1392.2991,12.0251
E9,10N:15min,4,19,14.7,305.8927,1.8133,694,12.3590,1392.2991,12.0251
E9,10N:15min,5,23,15.3,251.4902,1.8938,1022,12.3590,1392.2991,12.0251
E9,10N:15min,6,29,9.0,117.2644,1.1086,601,12.3590,1392.2991,12.0251
E9,10N:15min,7,38,11.4,114.4363,1.4119,666,12.3590,1392.2991,12.0251
E9,10N:15min,8,61,7.3,47.8286,0.8967,502,12.3590,1392.2991,12.0251
E9,10N:15min,9,72,29.5,159.3426,3.6513,3596,12.3590,1392.2991,12.0251
E9,10N:15min,,,,,,,12.3590,1392.2991,12.0251
E10,10N:20min,1,1,,118.7567,0.0569,578,12.2583,1310.8583,11.9344
E10,10N:20min,2,11,4.0,131.5454,0.4847,393,12.2583,1310.8583,11.9344
E10,10N:20min,3,14,8.0,212.3967,0.9868,527,12.2583,1310.8583,11.9344
E10,10N:20min,4,19,14.1,290.6491,1.7230,719,12.2583,1310.8583,11.9344
E10,10N:20min,5,23,16.5,258.3538,2.0283,1143,12.2583,1310.8583,11.9344
E10,10N:20min,6,30,8.7,108.7894,1.0633,620,12.2583,1310.8583,11.9344
E10,10N:20min,7,39,11.8,111.5531,1.4478,718,12.2583,1310.8583,11.9344
E10,10N:20min,8,64,7.4,46.2751,0.9121,548,12.2583,1310.8583,11.9344
E10,10N:20min,9,75,29.5,151.2957,3.6123,3941,12.2583,1310.8583,11.9344
E10,10N:20min,,,,,,,12.2583,1310.8583,11.9344
E11,10N:30min,1,1,,118.7568,0.0569,594,12.5821,1336.9714,12.4357
E11,10N:30min,2,11,4.1,138.8863,0.5117,408,12.5821,1336.9714,12.4357
E11,10N:30min,3,14,6.8,183.8505,0.8542,454,12.5821,1336.9714,12.4357
E11,10N:30min,4,19,14.0,297.9490,1.7662,712,12.5821,1336.9714,12.4357
E11,10N:30min,5,23,17.0,272.4872,2.1393,1100,12.5821,1336.9714,12.4357
E11,10N:30min,6,29,9.3,120.3499,1.1763,630,12.5821,1336.9714,12.4357
E11,10N:30min,7,39,12.2,121.5912,1.5392,663,12.5821,1336.9714,12.4357
E11,10N:30min,8,62,6.5,41.4977,0.8179,559,12.5821,1336.9714,12.4357
E11,10N:30min,9,73,30.0,160.3596,3.7774,3901,12.5821,1336.9714,12.4357
E11,10N:30min,,,,,,,12.5821,1336.9714,12.4357
E12,10N:Cont,1,1,,118.7568,0.0569,664,10.1400,1059.8079,10.2492
E12,10N:Cont,2,11,5.6,154.6050,0.5696,491,10.1400,1059.8079,10.2492
E12,10N:Cont,3,14,3.7,87.2184,0.3773,351,10.1400,1059.8079,10.2492
E12,10N:Cont,4,17,10.8,206.7115,1.0929,619,10.1400,1059.8079,10.2492
E12,10N:Cont,5,20,10.9,167.8156,1.1024,703,10.1400,1059.8079,10.2492
E12,10N:Cont,6,24,9.4,121.0850,0.9506,467,10.1400,1059.8079,10.2492
E12,10N:Cont,7,30,11.1,108.2124,1.1270,471,10.1400,1059.8079,10.2492
E12,10N:Cont,8,65,9.9,50.2233,1.0060,590,10.1400,1059.8079,10.2492
E12,10N:Cont,9,76,38.6,163.9366,3.9142,4387,10.1400,1059.8079,10.2492
E12,10N:Cont,,,,,,,10.1400,1059.8079,10.2492
F1,15N:30s,1,1,,118.7568,0.0569,545,13.6010,1607.6858,13.2976
F1,15N:30s,2,11,3.8,152.4295,0.5128,363,13.6010,1607.6858,13.2976
F1,15N:30s,3,13,14.8,466.7256,2.0188,1114,13.6010,1607.6858,13.2976
F1,15N:30s,4,19,14.0,320.2246,1.8983,662,13.6010,1607.6858,13.2976
F1,15N:30s,5,22,9.0,161.7926,1.2184,527,13.6010,1607.6858,13.2976
F1,15N:30s,6,30,21.0,274.5087,2.8590,832,13.6010,1607.6858,13.2976
F1,15N:30s,7,60,7.4,53.4210,1.0015,502,13.6010,1607.6858,13.2976
F1,15N:30s,8,72,30.1,178.5838,4.0922,3838,13.6010,1607.6858,13.2976
F1,15N:30s,,,,,,,13.6010,1607.6858,13.2976
F2,15N:45s,1,1,,118.7568,0.0569,620,11.8526,1396.9844,11.5350
F2,15N:45s,2,11,3.8,133.2761,0.4483,379,11.8526,1396.9844,11.5350
F2,15N:45s,3,13,14.1,387.5210,1.6762,1076,11.8526,1396.9844,11.5350
F2,15N:45s,4,18,14.2,283.9198,1.6831,710,11.8526,1396.9844,11.5350
F2,15N:45s,5,22,9.2,144.9160,1.0913,579,11.8526,1396.9844,11.5350
F2,15N:45s,6,29,15.7,190.1415,1.8584,834,11.8526,1396.9844,11.5350
F2,15N:45s,7,37,5.6,52.1961,0.6607,385,11.8526,1396.9844,11.5350
F2,15N:45s,8,59,7.4,47.4258,0.8739,540,11.8526,1396.9844,11.5350
F2,15N:45s,9,70,30.0,157.5882,3.5605,4005,11.8526,1396.9844,11.5350
F2,15N:45s,,,,,,,11.8526,1396.9844,11.5350
F3,15N:1min,1,1,,118.7568,0.0569,615,12.8269,1625.8007,12.5236
F3,15N:1min,2,10,3.7,142.5547,0.4796,389,12.8269,1625.8007,12.5236
F3,15N:1min,3,12,13.8,443.2407,1.7752,1121,12.8269,1625.8007,12.5236
F3,15N:1min,4,17,14.0,338.8713,1.7916,750,12.8269,1625.8007,12.5236
F3,15N:1min,5,21,9.4,174.2785,1.2007,591,12.8269,1625.8007,12.5236
F3,15N:1min,6,28,21.7,284.4857,2.7806,834,12.8269,1625.8007,12.5236
F3,15N:1min,7,54,7.2,54.7910,0.9219,556,12.8269,1625.8007,12.5236
F3,15N:1min,8,65,30.2,187.5787,3.8774,4142,12.8269,1625.8007,12.5236
F3,15N:1min,,,,,,,12.8269,1625.8007,12.5236
F4,15N:2min,1,1,,118.7568,0.0569,626,13.3926,1675.7676,13.0159
F4,15N:2min,2,10,3.8,150.9072,0.5077,412,13.3926,1675.7676,13.0159
F4,15N:2min,3,12,12.1,405.4134,1.6237,1002,13.3926,1675.7676,13.0159
F4,15N:2min,4,17,13.8,348.8046,1.8441,816,13.3926,1675.7676,13.0159
F4,15N:2min,5,21,10.8,209.5757,1.4439,793,13.3926,1675.7676,13.0159
F4,15N:2min,6,26,13.7,208.9457,1.8413,796,13.3926,1675.7676,13.0159
F4,15N:2min,7,34,7.5,88.2259,1.0037,609,13.3926,1675.7676,13.0159
F4,15N:2min,8,53,7.8,62.9710,1.0393,606,13.3926,1675.7676,13.0159
F4,15N:2min,9,63,30.5,200.9243,4.0889,4485,13.3926,1675.7676,13.0159
F4,15N:2min,,,,,,,13.3926,1675.7676,13.0159
F5,15N:3min,1,1,,118.7567,0.0569,673,12.8200,1460.2263,12.4771
F5,15N:3min,2,11,4.1,141.8855,0.5228,472,12.8200,1460.2263,12.4771
F5,15N:3min,3,13,12.5,369.4068,1.5979,1032,12.8200,1460.2263,12.4771
F5,15N:3min,4,19,14.2,306.4636,1.8167,824,12.8200,1460.2263,12.4771
F5,15N:3min,5,23,11.2,189.8983,1.4300,837,12.8200,1460.2263,12.4771
F5,15N:3min,6,31,13.3,169.3526,1.7095,924,12.8200,1460.2263,12.4771
F5,15N:3min,7,39,7.5,73.8022,0.9579,582,12.8200,1460.2263,12.4771
F5,15N:3min,8,64,7.9,51.5647,1.0163,645,12.8200,1460.2263,12.4771
F5,15N:3min,9,75,29.4,157.8527,3.7689,4713,12.8200,1460.2263,12.4771
F5,15N:3min,,,,,,,12.8200,1460.2263,12.4771
F6,15N:5min,1,1,,118.7568,0.0569,638,13.0458,1548.6334,12.6898
F6,15N:5min,2,11,4.0,153.4069,0.5161,442,13.0458,1548.6334,12.6898
F6,15N:5min,3,13,11.9,357.7025,1.5472,930,13.0458,1548.6334,12.6898
F6,15N:5min,4,18,14.3,332.7565,1.8659,815,13.0458,1548.6334,12.6898
F6,15N:5min,5,22,12.2,221.3102,1.5956,946,13.0458,1548.6334,12.6898
F6,15N:5min,6,29,11.6,159.6619,1.5094,821,13.0458,1548.6334,12.6898
F6,15N:5min,7,37,9.5,103.6415,1.2455,670,13.0458,1548.6334,12.6898
F6,15N:5min,8,59,7.1,49.9552,0.9205,578,13.0458,1548.6334,12.6898
F6,15N:5min,9,70,29.5,170.1986,3.8455,4312,13.0458,1548.6334,12.6898
F6,15N:5min,,,,,,,13.0458,1548.6334,12.6898
F7,15N:7min,1,1,,118.7568,0.0569,596,13.1615,1486.3334,12.8261
F7,15N:7min,2,11,4.0,142.2472,0.5241,423,13.1615,1486.3334,12.8261
F7,15N:7min,3,13,10.7,326.6877,1.4131,799,13.1615,1486.3334,12.8261
F7,15N:7min,4,19,14.5,321.6042,1.9065,754,13.1615,1486.3334,12.8261
F7,15N:7min,5,23,13.8,241.4107,1.8179,1021,13.1615,1486.3334,12.8261
F7,15N:7min,6,30,10.2,137.6348,1.3452,728,13.1615,1486.3334,12.8261
F7,15N:7min,7,39,10.3,107.4727,1.3604,681,13.1615,1486.3334,12.8261
F7,15N:7min,8,64,7.3,48.5864,0.9576,554,13.1615,1486.3334,12.8261
F7,15N:7min,9,75,29.2,160.6896,3.8366,4029,13.1615,1486.3334,12.8261
F7,15N:7min,,,,,,,13.1615,1486.3334,12.8261
F8,15N:10min,1,1,,118.7568,0.0569,625,14.5937,1666.7375,14.2045
F8,15N:10min,2,11,4.0,173.9240,0.5851,468,14.5937,1666.7375,14.2045
F8,15N:10min,3,13,9.5,321.0118,1.3885,780,14.5937,1666.7375,14.2045
F8,15N:10min,4,18,14.7,361.1101,2.1407,848,14.5937,1666.7375,14.2045
F8,15N:10min,5,23,15.2,294.8837,2.2206,1256,14.5937,1666.7375,14.2045
F8,15N:10min,6,29,9.8,150.5629,1.4233,786,14.5937,1666.7375,14.2045
F8,15N:10min,7,38,11.0,130.1475,1.6058,817,14.5937,1666.7375,14.2045
F8,15N:10min,8,61,7.3,55.8702,1.0654,597,14.5937,1666.7375,14.2045
F8,15N:10min,9,73,28.5,179.2272,4.1643,4489,14.5937,1666.7375,14.2045
F8,15N:10min,,,,,,,14.5937,1666.7375,14.2045
F9,15N:15min,1,1,,118.7568,0.0569,718,13.2698,1440.0782,12.9880
F9,15N:15min,2,11,4.0,144.4762,0.5323,490,13.2698,1440.0782,12.9880
F9,15N:15min,3,14,8.3,235.7330,1.0952,689,13.2698,1440.0782,12.9880
F9,15N:15min,4,17,5.9,140.6452,0.7887,766,13.2698,1440.0782,12.9880
F9,15N:15min,5,20,9.5,201.5805,1.2596,909,13.2698,1440.0782,12.9880
F9,15N:15min,6,23,16.4,276.6863,2.1723,1403,13.2698,1440.0782,12.9880
F9,15N:15min,7,30,8.9,117.1025,1.1821,801,13.2698,1440.0782,12.9880
F9,15N:15min,8,39,12.0,122.6572,1.5920,906,13.2698,1440.0782,12.9880
F9,15N:15min,9,64,6.8,44.2796,0.9011,694,13.2698,1440.0782,12.9880
F9,15N:15min,10,75,28.2,156.9178,3.7466,4781,13.2698,1440.0782,12.9880
F9,15N:15min,,,,,,,13.2698,1440.0782,12.9880
F10,15N:20min,1,1,,118.7568,0.0569,681,13.3611,1547.3540,13.1781
F10,15N:20min,2,10,4.1,161.8529,0.5445,495,13.3611,1547.3540,13.1781
F10,15N:20min,3,13,6.9,213.6917,0.9243,584,13.3611,1547.3540,13.1781
F10,15N:20min,4,18,14.6,349.0255,1.9572,883,13.3611,1547.3540,13.1781
F10,15N:20min,5,21,16.9,314.0597,2.2644,1321,13.3611,1547.3540,13.1781
F10,15N:20min,6,27,9.0,136.1913,1.2002,756,13.3611,1547.3540,13.1781
F10,15N:20min,7,36,11.8,134.5141,1.5734,784,13.3611,1547.3540,13.1781
F10,15N:20min,8,56,6.6,49.7689,0.8852,658,13.3611,1547.3540,13.1781
F10,15N:20min,9,67,30.0,188.2499,4.0120,4617,13.3611,1547.3540,13.1781
F10,15N:20min,,,,,,,13.3611,1547.3540,13.1781
F11,15N:30min,1,1,,118.7568,0.0569,671,12.8909,1460.6328,12.5128
F11,15N:30min,2,10,4.2,161.0351,0.5417,490,12.8909,1460.6328,12.5128
F11,15N:30min,3,13,6.2,183.6491,0.7944,511,12.8909,1460.6328,12.5128
F11,15N:30min,4,18,14.1,324.9104,1.8219,835,12.8909,1460.6328,12.5128
F11,15N:30min,5,22,15.5,276.4516,1.9932,1116,12.8909,1460.6328,12.5128
F11,15N:30min,6,26,9.1,132.4622,1.1673,729,12.8909,1460.6328,12.5128
F11,15N:30min,7,36,14.0,149.7316,1.7994,706,12.8909,1460.6328,12.5128
F11,15N:30min,8,56,7.0,51.0148,0.9074,666,12.8909,1460.6328,12.5128
F11,15N:30min,9,67,30.0,181.3781,3.8655,4324,12.8909,1460.6328,12.5128
F11,15N:30min,,,,,,,12.8909,1460.6328,12.5128
F12,15N:Cont,1,1,,118.7568,0.0569,553,9.5157,1047.6044,11.2380
F12,15N:Cont,2,11,5.8,164.5301,0.5535,450,9.5157,1047.6044,11.2380
F12,15N:Cont,3,13,3.9,86.1207,0.3725,311,9.5157,1047.6044,11.2380
F12,15N:Cont,4,16,10.0,191.9444,0.9533,486,9.5157,1047.6044,11.2380
F12,15N:Cont,5,18,10.5,160.6186,1.0036,568,9.5157,1047.6044,11.2380
F12,15N:Cont,6,23,8.1,106.6068,0.7686,377,9.5157,1047.6044,11.2380
F12,15N:Cont,7,27,11.6,116.3960,1.1003,404,9.5157,1047.6044,11.2380
F12,15N:Cont,8,58,8.4,43.4936,0.8015,523,9.5157,1047.6044,11.2380
F12,15N:Cont,9,69,41.6,177.8941,3.9623,3600,9.5157,1047.6044,11.2380
F12,15N:Cont,,,,,,,9.5157,1047.6044,11.2380
G1,20N:30s,1,1,,118.7568,0.0569,644,13.5522,1571.9309,13.1126
G1,20N:30s,2,11,3.9,143.8012,0.5298,437,13.5522,1571.9309,13.1126
G1,20N:30s,3,13,13.4,419.9184,1.8164,1187,13.5522,1571.9309,13.1126
G1,20N:30s,4,17,6.1,155.5663,0.8225,681,13.5522,1571.9309,13.1126
G1,20N:30s,5,19,8.9,193.3882,1.2084,793,13.5522,1571.9309,13.1126
G1,20N:30s,6,23,9.0,162.5549,1.2241,663,13.5522,1571.9309,13.1126
G1,20N:30s,7,30,15.8,211.7681,2.1377,960,13.5522,1571.9309,13.1126
G1,20N:30s,8,37,5.6,58.3911,0.7579,438,13.5522,1571.9309,13.1126
G1,20N:30s,9,62,7.7,54.1501,1.0499,624,13.5522,1571.9309,13.1126
G1,20N:30s,10,73,29.6,172.3928,4.0055,4587,13.5522,1571.9309,13.1126
G1,20N:30s,,,,,,,13.5522,1571.9309,13.1126
G2,20N:45s,1,1,,118.7568,0.0569,736,12.6803,1410.0430,12.2669
G2,20N:45s,2,11,3.9,134.1815,0.4944,466,12.6803,1410.0430,12.2669
G2,20N:45s,3,13,13.7,375.1336,1.7429,1263,12.6803,1410.0430,12.2669
G2,20N:45s,4,17,5.5,125.0310,0.7011,734,12.6803,1410.0430,12.2669
G2,20N:45s,5,19,9.1,175.3945,1.1522,857,12.6803,1410.0430,12.2669
G2,20N:45s,6,23,9.6,155.6324,1.2219,728,12.6803,1410.0430,12.2669
G2,20N:45s,7,31,15.0,182.6361,1.9022,986,12.6803,1410.0430,12.2669
G2,20N:45s,8,39,5.8,55.5346,0.7386,493,12.6803,1410.0430,12.2669
G2,20N:45s,9,64,7.6,48.7722,0.9613,667,12.6803,1410.0430,12.2669
G2,20N:45s,10,75,29.7,157.7272,3.7659,4947,12.6803,1410.0430,12.2669
G2,20N:45s,,,,,,,12.6803,1410.0430,12.2669
G3,20N:1min,1,1,,118.7568,0.0569,760,11.9999,1340.2761,11.6076
G3,20N:1min,2,11,4.1,132.8610,0.4895,461,11.9999,1340.2761,11.6076
G3,20N:1min,3,13,13.6,352.4754,1.6376,1174,11.9999,1340.2761,11.6076
G3,20N:1min,4,17,5.6,119.5521,0.6704,707,11.9999,1340.2761,11.6076
G3,20N:1min,5,20,9.2,167.7407,1.1019,820,11.9999,1340.2761,11.6076
G3,20N:1min,6,23,9.9,150.9295,1.1849,713,11.9999,1340.2761,11.6076
G3,20N:1min,7,31,14.9,171.4289,1.7854,941,11.9999,1340.2761,11.6076
G3,20N:1min,8,39,6.1,54.0222,0.7358,470,11.9999,1340.2761,11.6076
G3,20N:1min,9,64,7.5,44.8055,0.8975,614,11.9999,1340.2761,11.6076
G3,20N:1min,10,76,29.1,146.4605,3.4969,4610,11.9999,1340.2761,11.6076
G3,20N:1min,,,,,,,11.9999,1340.2761,11.6076
G4,20N:2min,1,1,,118.7568,0.0569,718,12.5475,1391.3563,12.1615
G4,20N:2min,2,11,3.9,132.8475,0.4895,448,12.5475,1391.3563,12.1615
G4,20N:2min,3,14,14.0,377.2780,1.7528,1218,12.5475,1391.3563,12.1615
G4,20N:2min,4,18,5.5,122.2605,0.6856,709,12.5475,1391.3563,12.1615
G4,20N:2min,5,20,9.1,173.1383,1.1373,827,12.5475,1391.3563,12.1615
G4,20N:2min,6,24,10.2,163.0096,1.2798,788,12.5475,1391.3563,12.1615
G4,20N:2min,7,32,14.0,163.6305,1.7567,917,12.5475,1391.3563,12.1615
G4,20N:2min,8,40,7.2,66.2347,0.9021,556,12.5475,1391.3563,12.1615
G4,20N:2min,9,66,7.3,44.8873,0.9135,626,12.5475,1391.3563,12.1615
G4,20N:2min,10,77,28.9,148.0697,3.6302,4635,12.5475,1391.3563,12.1615
G4,20N:2min,,,,,,,12.5475,1391.3563,12.1615
G5,20N:3min,1,1,,118.7568,0.0569,752,12.7120,1417.3885,12.4527
G5,20N:3min,2,11,4.0,139.1126,0.5126,511,12.7120,1417.3885,12.4527
G5,20N:3min,3,13,12.0,327.2421,1.5204,1104,12.7120,1417.3885,12.4527
G5,20N:3min,4,17,5.6,127.9795,0.7176,825,12.7120,1417.3885,12.4527
G5,20N:3min,5,20,9.3,189.0702,1.1814,929,12.7120,1417.3885,12.4527
G5,20N:3min,6,23,12.1,195.3533,1.5337,1058,12.7120,1417.3885,12.4527
G5,20N:3min,7,31,11.8,148.2139,1.4961,982,12.7120,1417.3885,12.4527
G5,20N:3min,8,39,9.8,96.3353,1.2503,793,12.7120,1417.3885,12.4527
G5,20N:3min,9,64,6.1,38.0162,0.7736,697,12.7120,1417.3885,12.4527
G5,20N:3min,10,75,29.3,156.0655,3.7262,5187,12.7120,1417.3885,12.4527
G5,20N:3min,,,,,,,12.7120,1417.3885,12.4527
G6,20N:5min,1,1,,118.7568,0.0569,769,13.2722,1481.7982,12.9225
G6,20N:5min,2,11,3.9,140.3869,0.5173,507,13.2722,1481.7982,12.9225
G6,20N:5min,3,13,12.2,349.0898,1.6219,1154,13.2722,1481.7982,12.9225
G6,20N:5min,4,20,13.7,306.8175,1.8188,934,13.2722,1481.7982,12.9225
G6,20N:5min,5,23,13.4,226.4100,1.7775,1174,13.2722,1481.7982,12.9225
G6,20N:5min,6,31,11.7,154.0496,1.5551,995,13.2722,1481.7982,12.9225
G6,20N:5min,7,39,10.1,103.1105,1.3383,855,13.2722,1481.7982,12.9225
G6,20N:5min,8,65,7.0,46.2704,0.9268,663,13.2722,1481.7982,12.9225
G6,20N:5min,9,76,28.0,155.6635,3.7166,5061,13.2722,1481.7982,12.9225
G6,20N:5min,,,,,,,13.2722,1481.7982,12.9225
G7,20N:7min,1,1,,118.7568,0.0569,853,12.2265,1374.2159,12.0682
G7,20N:7min,2,11,4.1,136.3963,0.5026,538,12.2265,1374.2159,12.0682
G7,20N:7min,3,14,10.8,284.6363,1.3224,986,12.2265,1374.2159,12.0682
G7,20N:7min,4,19,14.5,298.7950,1.7713,984,12.2265,1374.2159,12.0682
G7,20N:7min,5,23,14.1,229.1030,1.7253,1317,12.2265,1374.2159,12.0682
G7,20N:7min,6,30,10.6,133.0906,1.3008,950,12.2265,1374.2159,12.0682
G7,20N:7min,7,39,10.9,105.2917,1.3328,912,12.2265,1374.2159,12.0682
G7,20N:7min,8,63,6.1,37.2136,0.7454,706,12.2265,1374.2159,12.0682
G7,20N:7min,9,74,28.8,149.6894,3.5260,5196,12.2265,1374.2159,12.0682
G7,20N:7min,,,,,,,12.2265,1374.2159,12.0682
G8,20N:10min,1,1,,118.7568,0.0569,757,13.2253,1470.3512,12.8760
G8,20N:10min,2,11,4.2,149.6652,0.5514,550,13.2253,1470.3512,12.8760
G8,20N:10min,3,14,8.5,259.0292,1.1204,802,13.2253,1470.3512,12.8760
G8,20N:10min,4,19,14.2,317.6146,1.8828,993,13.2253,1470.3512,12.8760
G8,20N:10min,5,23,16.2,284.9865,2.1461,1537,13.2253,1470.3512,12.8760
G8,20N:10min,6,29,9.0,121.2659,1.1853,869,13.2253,1470.3512,12.8760
G8,20N:10min,7,38,11.8,123.5507,1.5640,1008,13.2253,1470.3512,12.8760
G8,20N:10min,8,62,7.7,52.6733,1.0213,725,13.2253,1470.3512,12.8760
G8,20N:10min,9,73,28.4,161.5656,3.7540,5230,13.2253,1470.3512,12.8760
G8,20N:10min,,,,,,,13.2253,1470.3512,12.8760
G9,20N:15min,1,1,,118.7567,0.0569,701,15.2009,1805.0836,14.9376
G9,20N:15min,2,10,4.3,194.9976,0.6560,628,15.2009,1805.0836,14.9376
G9,20N:15min,3,13,7.2,251.5768,1.0882,748,15.2009,1805.0836,14.9376
G9,20N:15min,4,17,13.9,400.5459,2.1177,1045,15.2009,1805.0836,14.9376
G9,20N:15min,5,21,15.8,349.1948,2.4058,1561,15.2009,1805.0836,14.9376
G9,20N:15min,6,25,9.3,166.8929,1.4173,900,15.2009,1805.0836,14.9376
G9,20N:15min,7,35,10.5,139.7412,1.5898,864,15.2009,1805.0836,14.9376
G9,20N:15min,8,54,8.3,76.5947,1.2642,831,15.2009,1805.0836,14.9376
G9,20N:15min,9,65,30.7,225.5398,4.6621,5716,15.2009,1805.0836,14.9376
G9,20N:15min,,,,,,,15.2009,1805.0836,14.9376
G10,20N:20min,1,1,,118.7567,0.0569,691,14.0158,1608.9038,13.8840
G10,20N:20min,2,10,4.3,180.7997,0.6082,582,14.0158,1608.9038,13.8840
G10,20N:20min,3,13,6.3,205.1548,0.8874,576,14.0158,1608.9038,13.8840
G10,20N:20min,4,18,14.5,362.7873,2.0343,937,14.0158,1608.9038,13.8840
G10,20N:20min,5,22,17.2,334.1440,2.4092,1367,14.0158,1608.9038,13.8840
G10,20N:20min,6,27,9.4,143.6551,1.3120,849,14.0158,1608.9038,13.8840
G10,20N:20min,7,37,12.5,146.2281,1.7573,820,14.0158,1608.9038,13.8840
G10,20N:20min,8,58,6.6,50.0464,0.9222,726,14.0158,1608.9038,13.8840
G10,20N:20min,9,69,29.1,186.0885,4.0852,4744,14.0158,1608.9038,13.8840
G10,20N:20min,,,,,,,14.0158,1608.9038,13.8840
G11,20N:30min,1,1,,118.7568,0.0569,803,14.2399,1649.6593,13.7584
G11,20N:30min,2,10,4.3,182.2730,0.6132,669,14.2399,1649.6593,13.7584
G11,20N:30min,3,13,5.7,202.9702,0.8129,634,14.2399,1649.6593,13.7584
G11,20N:30min,4,17,14.0,378.0538,1.9988,1050,14.2399,1649.6593,13.7584
G11,20N:30min,5,21,13.7,282.4235,1.9458,1263,14.2399,1649.6593,13.7584
G11,20N:30min,6,25,8.5,141.9060,1.2051,905,14.2399,1649.6593,13.7584
G11,20N:30min,7,34,12.3,154.0395,1.7524,867,14.2399,1649.6593,13.7584
G11,20N:30min,8,45,2.9,29.3117,0.4180,472,14.2399,1649.6593,13.7584
G11,20N:30min,9,53,8.2,69.3844,1.1674,944,14.2399,1649.6593,13.7584
G11,20N:30min,10,64,30.4,209.2972,4.3264,5591,14.2399,1649.6593,13.7584
G11,20N:30min,,,,,,,14.2399,1649.6593,13.7584
G12,20N:Cont,1,1,,118.7568,0.0569,862,10.7871,1239.3328,10.6741
G12,20N:Cont,2,10,5.6,180.5505,0.6074,749,10.7871,1239.3328,10.6741
G12,20N:Cont,3,13,6.2,155.5118,0.6727,606,10.7871,1239.3328,10.6741
G12,20N:Cont,4,15,8.0,173.5356,0.8619,951,10.7871,1239.3328,10.6741
G12,20N:Cont,5,17,10.6,193.5901,1.1476,1071,10.7871,1239.3328,10.6741
G12,20N:Cont,6,22,8.7,129.9675,0.9371,726,10.7871,1239.3328,10.6741
G12,20N:Cont,7,26,8.4,106.1067,0.9011,714,10.7871,1239.3328,10.6741
G12,20N:Cont,8,35,4.7,41.9227,0.5038,362,10.7871,1239.3328,10.6741
G12,20N:Cont,9,54,9.9,63.1767,1.0629,855,10.7871,1239.3328,10.6741
G12,20N:Cont,10,65,37.9,194.9712,4.0927,6334,10.7871,1239.3328,10.6741
G12,20N:Cont,,,,,,,10.7871,1239.3328,10.6741
H1,40N:30s,1,1,,118.7568,0.0569,858,12.7516,1434.6353,12.4227
H1,40N:30s,2,11,4.3,147.4092,0.5431,610,12.7516,1434.6353,12.4227
H1,40N:30s,3,13,14.4,396.5693,1.8425,1644,12.7516,1434.6353,12.4227
H1,40N:30s,4,20,13.8,281.4061,1.7584,994,12.7516,1434.6353,12.4227
H1,40N:30s,5,24,10.7,173.0500,1.3586,955,12.7516,1434.6353,12.4227
H1,40N:30s,6,32,14.9,183.0251,1.9062,1285,12.7516,1434.6353,12.4227
H1,40N:30s,7,39,6.8,63.2536,0.8615,634,12.7516,1434.6353,12.4227
H1,40N:30s,8,66,7.4,45.5104,0.9407,746,12.7516,1434.6353,12.4227
H1,40N:30s,9,77,27.8,144.4116,3.5405,5574,12.7516,1434.6353,12.4227
H1,40N:30s,,,,,,,12.7516,1434.6353,12.4227
H2,40N:45s,1,1,,118.7568,0.0569,761,14.8449,1808.8091,14.4473
H2,40N:45s,2,11,4.0,178.0414,0.5989,594,14.8449,1808.8091,14.4473
H2,40N:45s,3,13,14.0,479.0833,2.0723,1600,14.8449,1808.8091,14.4473
H2,40N:45s,4,18,13.8,366.4023,2.0546,1033,14.8449,1808.8091,14.4473
H2,40N:45s,5,22,11.0,225.5926,1.6265,1027,14.8449,1808.8091,14.4473
H2,40N:45s,6,29,14.3,225.0277,2.1273,1186,14.8449,1808.8091,14.4473
H2,40N:45s,7,37,7.0,84.7374,1.0455,714,14.8449,1808.8091,14.4473
H2,40N:45s,8,59,7.2,59.2547,1.0729,737,14.8449,1808.8091,14.4473
H2,40N:45s,9,70,28.6,190.6697,4.2469,5561,14.8449,1808.8091,14.4473
H2,40N:45s,,,,,,,14.8449,1808.8091,14.4473
H3,40N:1min,1,1,,118.7568,0.0569,750,14.2565,1667.1543,13.8787
H3,40N:1min,2,11,4.3,180.5165,0.6073,597,14.2565,1667.1543,13.8787
H3,40N:1min,3,13,12.3,405.8878,1.7557,1208,14.2565,1667.1543,13.8787
H3,40N:1min,4,19,13.9,335.2485,1.9874,979,14.2565,1667.1543,13.8787
H3,40N:1min,5,23,12.8,241.9837,1.8223,1217,14.2565,1667.1543,13.8787
H3,40N:1min,6,29,11.5,167.0294,1.6325,1029,14.2565,1667.1543,13.8787
H3,40N:1min,7,38,9.7,109.2731,1.3832,849,14.2565,1667.1543,13.8787
H3,40N:1min,8,62,7.5,54.9011,1.0645,732,14.2565,1667.1543,13.8787
H3,40N:1min,9,73,28.1,172.3140,4.0037,5319,14.2565,1667.1543,13.8787
H3,40N:1min,,,,,,,14.2565,1667.1543,13.8787
H4,40N:2min,1,1,,118.7568,0.0569,662,15.5960,1867.0100,15.1744
H4,40N:2min,2,10,4.0,185.9106,0.6254,560,15.5960,1867.0100,15.1744
H4,40N:2min,3,13,11.3,407.5995,1.7631,1087,15.5960,1867.0100,15.1744
H4,40N:2min,4,18,14.3,396.6545,2.2242,967,15.5960,1867.0100,15.1744
H4,40N:2min,5,22,13.3,287.5257,2.0731,1286,15.5960,1867.0100,15.1744
H4,40N:2min,6,28,10.8,183.7209,1.6779,942,15.5960,1867.0100,15.1744
H4,40N:2min,7,36,10.3,137.7768,1.6116,911,15.5960,1867.0100,15.1744
H4,40N:2min,8,58,7.1,62.0961,1.1045,684,15.5960,1867.0100,15.1744
H4,40N:2min,9,68,29.0,205.7261,4.5163,5099,15.5960,1867.0100,15.1744
H4,40N:2min,,,,,,,15.5960,1867.0100,15.1744
H5,40N:3min,1,1,,118.7568,0.0569,812,14.5829,1682.7411,14.1046
H5,40N:3min,2,11,4.2,164.8814,0.6075,646,14.5829,1682.7411,14.1046
H5,40N:3min,3,13,10.5,352.5122,1.5248,1142,14.5829,1682.7411,14.1046
H5,40N:3min,4,17,5.6,155.7828,0.8236,998,14.5829,1682.7411,14.1046
H5,40N:3min,5,19,8.9,208.1318,1.3005,1116,14.5829,1682.7411,14.1046
H5,40N:3min,6,23,15.4,298.3449,2.2467,1706,14.5829,1682.7411,14.1046
H5,40N:3min,7,29,9.9,147.0363,1.4371,1069,14.5829,1682.7411,14.1046
H5,40N:3min,8,38,11.4,134.4562,1.6589,1180,14.5829,1682.7411,14.1046
H5,40N:3min,9,62,6.9,52.6069,1.0031,775,14.5829,1682.7411,14.1046
H5,40N:3min,10,73,27.3,168.9884,3.9806,5785,14.5829,1682.7411,14.1046
H5,40N:3min,,,,,,,14.5829,1682.7411,14.1046
H6,40N:5min,1,1,,118.7568,0.0569,690,16.2451,1888.4980,15.8200
H6,40N:5min,2,11,4.0,177.4850,0.6539,582,16.2451,1888.4980,15.8200
H6,40N:5min,3,13,11.4,427.8753,1.8508,1132,16.2451,1888.4980,15.8200
H6,40N:5min,4,19,13.9,381.4783,2.2614,1022,16.2451,1888.4980,15.8200
H6,40N:5min,5,23,16.0,345.8094,2.6041,1636,16.2451,1888.4980,15.8200
H6,40N:5min,6,30,10.2,169.8460,1.6601,1027,16.2451,1888.4980,15.8200
H6,40N:5min,7,38,11.8,151.2842,1.9150,1101,16.2451,1888.4980,15.8200
H6,40N:5min,8,62,6.6,55.0099,1.0666,669,16.2451,1888.4980,15.8200
H6,40N:5min,9,74,26.1,179.7098,4.2332,5141,16.2451,1888.4980,15.8200
H6,40N:5min,,,,,,,16.2451,1888.4980,15.8200
H7,40N:7min,1,1,,118.7568,0.0569,733,14.6328,1630.7488,14.4510
H7,40N:7min,2,11,4.4,174.0870,0.6414,631,14.6328,1630.7488,14.4510
H7,40N:7min,3,14,9.7,306.9966,1.4263,970,14.6328,1630.7488,14.4510
H7,40N:7min,4,20,14.3,353.4987,2.0955,1047,14.6328,1630.7488,14.4510
H7,40N:7min,5,23,16.4,305.4254,2.3979,1652,14.6328,1630.7488,14.4510
H7,40N:7min,6,31,10.3,149.6315,1.5105,1029,14.6328,1630.7488,14.4510
H7,40N:7min,7,39,12.2,137.7872,1.7883,1079,14.6328,1630.7488,14.4510
H7,40N:7min,8,64,5.9,41.6405,0.8608,716,14.6328,1630.7488,14.4510
H7,40N:7min,9,76,26.7,161.6819,3.9121,5275,14.6328,1630.7488,14.4510
H7,40N:7min,,,,,,,14.6328,1630.7488,14.4510
H8,40N:10min,1,1,,118.7568,0.0569,816,15.0933,1623.3663,14.8709
H8,40N:10min,2,11,4.6,187.6745,0.6915,737,15.0933,1623.3663,14.8709
H8,40N:10min,3,14,7.1,232.1919,1.0788,783,15.0933,1623.3663,14.8709
H8,40N:10min,4,17,6.4,173.1571,0.9710,1012,15.0933,1623.3663,14.8709
H8,40N:10min,5,19,8.5,194.7627,1.2794,1122,15.0933,1623.3663,14.8709
H8,40N:10min,6,23,16.4,314.9314,2.4725,1783,15.0933,1623.3663,14.8709
H8,40N:10min,7,30,9.4,140.5852,1.4191,1043,15.0933,1623.3663,14.8709
H8,40N:10min,8,39,13.6,157.7840,2.0479,1199,15.0933,1623.3663,14.8709
H8,40N:10min,9,64,6.7,49.3703,1.0047,871,15.0933,1623.3663,14.8709
H8,40N:10min,10,76,27.4,172.9091,4.1284,5917,15.0933,1623.3663,14.8709
H8,40N:10min,,,,,,,15.0933,1623.3663,14.8709
H9,40N:15min,1,1,,118.7568,0.0569,683,14.8323,1558.8380,14.7548
H9,40N:15min,2,11,4.8,193.6557,0.7135,663,14.8323,1558.8380,14.7548
H9,40N:15min,3,14,6.9,219.4270,1.0195,632,14.8323,1558.8380,14.7548
H9,40N:15min,4,20,14.7,348.2969,2.1763,983,14.8323,1558.8380,14.7548
H9,40N:15min,5,24,16.5,299.5923,2.4481,1460,14.8323,1558.8380,14.7548
H9,40N:15min,6,31,9.1,133.3312,1.3459,875,14.8323,1558.8380,14.7548
H9,40N:15min,7,40,13.0,144.5053,1.9218,889,14.8323,1558.8380,14.7548
H9,40N:15min,8,65,6.8,48.7134,1.0070,763,14.8323,1558.8380,14.7548
H9,40N:15min,9,76,28.3,171.3162,4.2002,4944,14.8323,1558.8380,14.7548
H9,40N:15min,,,,,,,14.8323,1558.8380,14.7548
H10,40N:20min,1,1,,118.7568,0.0569,764,15.2404,1549.9928,14.7288
H10,40N:20min,2,11,5.0,207.3751,0.7641,827,15.2404,1549.9928,14.7288
H10,40N:20min,3,14,5.5,181.0053,0.8410,640,15.2404,1549.9928,14.7288
H10,40N:20min,4,17,6.7,182.9231,1.0257,995,15.2404,1549.9928,14.7288
H10,40N:20min,5,19,7.9,183.6915,1.2067,1062,15.2404,1549.9928,14.7288
H10,40N:20min,6,23,13.4,259.3637,2.0363,1327,15.2404,1549.9928,14.7288
H10,40N:20min,7,30,8.0,120.1471,1.2128,911,15.2404,1549.9928,14.7288
H10,40N:20min,8,40,11.8,138.6923,1.8001,846,15.2404,1549.9928,14.7288
H10,40N:20min,9,64,10.7,84.3246,1.6350,988,15.2404,1549.9928,14.7288
H10,40N:20min,10,76,31.0,192.4701,4.7188,5793,15.2404,1549.9928,14.7288
H10,40N:20min,,,,,,,15.2404,1549.9928,14.7288
H11,40N:30min,1,1,,118.7568,0.0569,730,15.4030,1569.9473,15.0560
H11,40N:30min,2,11,5.2,219.2880,0.8080,787,15.4030,1569.9473,15.0560
H11,40N:30min,3,14,5.5,196.8313,0.8514,558,15.4030,1569.9473,15.0560
H11,40N:30min,4,19,14.3,370.3433,2.1954,943,15.4030,1569.9473,15.0560
H11,40N:30min,5,23,12.1,236.9816,1.8605,1086,15.4030,1569.9473,15.0560
H11,40N:30min,6,29,7.4,117.0170,1.1437,752,15.4030,1569.9473,15.0560
H11,40N:30min,7,35,2.9,39.0379,0.4441,511,15.4030,1569.9473,15.0560
H11,40N:30min,8,39,7.8,90.2473,1.2002,631,15.4030,1569.9473,15.0560
H11,40N:30min,9,62,10.5,84.4967,1.6112,881,15.4030,1569.9473,15.0560
H11,40N:30min,10,74,34.3,215.7042,5.2884,5366,15.4030,1569.9473,15.0560
H11,40N:30min,,,,,,,15.4030,1569.9473,15.0560
H12,SampH12,1,1,,118.7568,0.0569,2982,4.0018,260.6127,4.0000
H12,SampH12,2,15,13.9,111.7115,0.5548,2253,4.0018,260.6127,4.0000
H12,SampH12,3,25,9.6,46.8235,0.3826,1694,4.0018,260.6127,4.0000
H12,SampH12,4,40,12.2,37.5945,0.4879,2286,4.0018,260.6127,4.0000
H12,SampH12,5,80,11.6,18.0132,0.4647,2061,4.0018,260.6127,4.0000
H12,SampH12,6,100,16.6,20.3682,0.6626,1667,4.0018,260.6127,4.0000
H12,SampH12,7,150,18.0,14.9062,0.7190,1155,4.0018,260.6127,4.0000
H12,SampH12,8,200,18.2,11.1956,0.7302,1382,4.0018,260.6127,4.0000
H12,SampH12,,,,,,,4.0018,260.6127,4.0000
